-- phpMyAdmin SQL Dump
-- version 4.9.0.1
-- https://www.phpmyadmin.net/
--
-- Servidor: sql113.byethost17.com
-- Tiempo de generación: 08-07-2026 a las 11:13:57
-- Versión del servidor: 11.4.12-MariaDB
-- Versión de PHP: 7.2.22

SET SQL_MODE = "NO_AUTO_VALUE_ON_ZERO";
SET AUTOCOMMIT = 0;
START TRANSACTION;
SET time_zone = "+00:00";


/*!40101 SET @OLD_CHARACTER_SET_CLIENT=@@CHARACTER_SET_CLIENT */;
/*!40101 SET @OLD_CHARACTER_SET_RESULTS=@@CHARACTER_SET_RESULTS */;
/*!40101 SET @OLD_COLLATION_CONNECTION=@@COLLATION_CONNECTION */;
/*!40101 SET NAMES utf8mb4 */;

--
-- Base de datos: `b17_42313426_paseofeliztest`
--

-- --------------------------------------------------------

--
-- Estructura de tabla para la tabla `admin`
--

CREATE TABLE `admin` (
  `id_admin` int(11) NOT NULL,
  `id_usuario` int(11) NOT NULL,
  `correo` varchar(100) NOT NULL
) ENGINE=InnoDB DEFAULT CHARSET=latin1 COLLATE=latin1_swedish_ci;

--
-- Volcado de datos para la tabla `admin`
--

INSERT INTO `admin` (`id_admin`, `id_usuario`, `correo`) VALUES
(1, 9, 'max1@gmail.com'),
(5, 8, 'maikolholguin74@gmail.com'),
(13, 21, 'paradamax33@gmail.com');

-- --------------------------------------------------------

--
-- Estructura de tabla para la tabla `adopcion`
--

CREATE TABLE `adopcion` (
  `id_adopcion` int(11) NOT NULL,
  `nombre` varchar(100) NOT NULL,
  `img_adop` varchar(255) NOT NULL,
  `edad` varchar(50) NOT NULL,
  `tamano` varchar(50) NOT NULL,
  `raza` varchar(100) NOT NULL,
  `color` varchar(100) NOT NULL,
  `descripcion` text NOT NULL,
  `requisitos` text NOT NULL,
  `fecha_reg` timestamp NOT NULL DEFAULT current_timestamp()
) ENGINE=InnoDB DEFAULT CHARSET=utf8mb4 COLLATE=utf8mb4_unicode_ci;

--
-- Volcado de datos para la tabla `adopcion`
--

INSERT INTO `adopcion` (`id_adopcion`, `nombre`, `img_adop`, `edad`, `tamano`, `raza`, `color`, `descripcion`, `requisitos`, `fecha_reg`) VALUES
(9, 'Manuel', 'Manuel_1782302129.jpg', '1 Año', 'Pequeño', 'Caramelo', 'Marron Claro', 'te descrimina con la mirada', 'tener plata', '2026-06-24 11:55:29'),
(10, 'El Hueson', 'El_Hueson_1782302251.jpg', '2 Años', 'Pequeño', 'Bromas', 'Tricolor', 'es el hueson que pas quieres', 'aguantar bromas', '2026-06-24 11:57:31'),
(11, 'Licenciado Fernandez', 'Licenciado_Fernandez_1782302332.jpg', '5 años', 'Mediano', 'Licenciado', 'Marron Claro', 'esta licenciado', 'tener problemas legales', '2026-06-24 11:58:52'),
(12, 'Chill De Cojones', 'Chill_De_Cojones_1782302563.jpg', '7 Años', 'Grande', 'Chill De Cojones', 'Marron', 'Chill De Cojones', 'estar Chill De Cojones', '2026-06-24 12:02:43'),
(13, 'Coca Cola', 'Coca_Cola_1782302617.jpg', '3 años', 'Pequeño', 'Gaseosa', 'Negro', 'coca cola espuma', 'ser hater de pessi', '2026-06-24 12:03:38'),
(14, 'Programador Del Sena', 'Programador_Del_Sena_1782302697.jpg', '16 Años', 'Grande', 'Sena', 'Marron Claro', 'se graduo como programacion del sena', 'firmar un contrato de aprendizaje', '2026-06-24 12:04:57'),
(16, 'Princesa', 'Princesa_1782480955.png', '4 Años', 'Grande', 'Terror', 'Blanco y Negro', 'no muerde pero te mira el alma', 'ser testigo de jeova', '2026-06-26 13:35:55');

-- --------------------------------------------------------

--
-- Estructura de tabla para la tabla `calificaciones_paseo`
--

CREATE TABLE `calificaciones_paseo` (
  `id_calificacion` int(11) NOT NULL,
  `id_pedido` int(11) NOT NULL,
  `id_ruta` int(11) NOT NULL,
  `id_paseador` int(11) NOT NULL,
  `id_usuario_cliente` int(11) NOT NULL,
  `estrellas` tinyint(1) NOT NULL,
  `comentario` varchar(255) DEFAULT NULL,
  `fecha_creacion` timestamp NOT NULL DEFAULT current_timestamp()
) ENGINE=InnoDB DEFAULT CHARSET=utf8mb4 COLLATE=utf8mb4_general_ci;

--
-- Volcado de datos para la tabla `calificaciones_paseo`
--

INSERT INTO `calificaciones_paseo` (`id_calificacion`, `id_pedido`, `id_ruta`, `id_paseador`, `id_usuario_cliente`, `estrellas`, `comentario`, `fecha_creacion`) VALUES
(1, 8, 16, 11, 10, 5, '', '2026-07-08 15:07:30');

-- --------------------------------------------------------

--
-- Estructura de tabla para la tabla `codigos_verificacion`
--

CREATE TABLE `codigos_verificacion` (
  `id` int(11) NOT NULL,
  `email` varchar(255) NOT NULL,
  `codigo` varchar(10) NOT NULL,
  `tipo` enum('registro','recuperacion') NOT NULL DEFAULT 'registro',
  `expiracion` datetime NOT NULL
) ENGINE=MyISAM DEFAULT CHARSET=latin1 COLLATE=latin1_swedish_ci;

--
-- Volcado de datos para la tabla `codigos_verificacion`
--

INSERT INTO `codigos_verificacion` (`id`, `email`, `codigo`, `tipo`, `expiracion`) VALUES
(10, 'max1@gmail.com', '33739', 'recuperacion', '2026-06-23 19:29:59'),
(11, 'max3@gmail.com', '66652', 'registro', '2026-06-24 07:52:33'),
(9, 'militian22@hotmail.com', '33094', 'registro', '2026-06-22 10:18:12'),
(12, 'maikolwilfredo73@gmail.com', '20122', 'registro', '2026-07-02 08:39:26');

-- --------------------------------------------------------

--
-- Estructura de tabla para la tabla `conversaciones`
--

CREATE TABLE `conversaciones` (
  `id_conversacion` int(11) NOT NULL,
  `id_usuario_1` int(11) NOT NULL,
  `id_usuario_2` int(11) NOT NULL,
  `activo` tinyint(1) NOT NULL DEFAULT 1,
  `fecha_creacion` timestamp NULL DEFAULT current_timestamp()
) ENGINE=InnoDB DEFAULT CHARSET=utf8mb4 COLLATE=utf8mb4_unicode_ci;

--
-- Volcado de datos para la tabla `conversaciones`
--

INSERT INTO `conversaciones` (`id_conversacion`, `id_usuario_1`, `id_usuario_2`, `activo`, `fecha_creacion`) VALUES
(1, 9, 11, 1, '2026-06-03 13:55:20'),
(5, 8, 11, 1, '2026-06-03 14:04:57'),
(6, 8, 9, 1, '2026-06-03 14:08:05'),
(13, 8, 22, 1, '2026-07-04 17:39:19'),
(14, 9, 22, 1, '2026-07-04 19:59:20'),
(15, 8, 16, 1, '2026-07-04 20:19:04'),
(16, 17, 22, 1, '2026-07-04 20:26:09'),
(17, 22, 24, 1, '2026-07-07 16:44:58'),
(18, 10, 22, 1, '2026-07-08 11:17:45');

-- --------------------------------------------------------

--
-- Estructura de tabla para la tabla `cronograma_paseos`
--

CREATE TABLE `cronograma_paseos` (
  `id_cronograma` int(11) NOT NULL,
  `id_paseador` int(11) NOT NULL,
  `id_pedido` int(11) NOT NULL,
  `dia_semana` tinyint(1) NOT NULL COMMENT '1=lunes ... 7=domingo',
  `fecha_creacion` timestamp NOT NULL DEFAULT current_timestamp()
) ENGINE=InnoDB DEFAULT CHARSET=utf8mb4 COLLATE=utf8mb4_general_ci;

--
-- Volcado de datos para la tabla `cronograma_paseos`
--

INSERT INTO `cronograma_paseos` (`id_cronograma`, `id_paseador`, `id_pedido`, `dia_semana`, `fecha_creacion`) VALUES
(13, 11, 3, 2, '2026-07-07 21:26:11'),
(14, 11, 6, 2, '2026-07-07 21:26:11'),
(15, 11, 6, 4, '2026-07-07 21:26:20'),
(16, 11, 6, 1, '2026-07-07 21:26:25'),
(20, 11, 2, 5, '2026-07-07 21:26:57'),
(21, 11, 6, 5, '2026-07-07 21:26:57'),
(22, 11, 6, 6, '2026-07-07 21:27:03'),
(23, 11, 1, 1, '2026-07-08 03:02:49'),
(24, 11, 1, 2, '2026-07-08 03:02:49'),
(26, 11, 1, 4, '2026-07-08 03:02:49'),
(27, 11, 1, 5, '2026-07-08 03:02:49'),
(28, 11, 1, 6, '2026-07-08 03:02:49'),
(29, 11, 7, 1, '2026-07-08 11:10:54'),
(31, 11, 7, 4, '2026-07-08 11:10:54'),
(32, 11, 7, 5, '2026-07-08 11:10:54'),
(33, 11, 7, 6, '2026-07-08 11:10:54'),
(38, 11, 2, 3, '2026-07-08 13:58:55'),
(39, 11, 3, 3, '2026-07-08 13:58:55'),
(40, 11, 7, 3, '2026-07-08 13:58:55'),
(41, 11, 8, 1, '2026-07-08 14:06:04'),
(42, 11, 8, 3, '2026-07-08 14:06:04'),
(43, 11, 8, 4, '2026-07-08 14:06:04'),
(44, 11, 8, 5, '2026-07-08 14:06:04');

-- --------------------------------------------------------

--
-- Estructura de tabla para la tabla `escribiendo`
--

CREATE TABLE `escribiendo` (
  `id_conversacion` int(11) NOT NULL,
  `id_usuario` int(11) NOT NULL,
  `fecha_actualizacion` timestamp NOT NULL DEFAULT current_timestamp() ON UPDATE current_timestamp()
) ENGINE=MyISAM DEFAULT CHARSET=latin1 COLLATE=latin1_swedish_ci;

-- --------------------------------------------------------

--
-- Estructura de tabla para la tabla `estados_parada`
--

CREATE TABLE `estados_parada` (
  `id_estado` int(11) NOT NULL,
  `nombre` varchar(30) NOT NULL
) ENGINE=InnoDB DEFAULT CHARSET=utf8mb4 COLLATE=utf8mb4_general_ci;

--
-- Volcado de datos para la tabla `estados_parada`
--

INSERT INTO `estados_parada` (`id_estado`, `nombre`) VALUES
(3, 'completada'),
(2, 'llegada'),
(4, 'omitida'),
(1, 'pendiente');

-- --------------------------------------------------------

--
-- Estructura de tabla para la tabla `estados_ruta`
--

CREATE TABLE `estados_ruta` (
  `id_estado` int(11) NOT NULL,
  `nombre` varchar(30) NOT NULL
) ENGINE=InnoDB DEFAULT CHARSET=utf8mb4 COLLATE=utf8mb4_general_ci;

--
-- Volcado de datos para la tabla `estados_ruta`
--

INSERT INTO `estados_ruta` (`id_estado`, `nombre`) VALUES
(5, 'cancelada'),
(2, 'en_curso'),
(4, 'finalizada'),
(3, 'pausada'),
(1, 'pendiente');

-- --------------------------------------------------------

--
-- Estructura de tabla para la tabla `gps_paseadores`
--

CREATE TABLE `gps_paseadores` (
  `id_paseador` int(11) NOT NULL,
  `lat` decimal(10,7) NOT NULL,
  `lng` decimal(10,7) NOT NULL,
  `velocidad` decimal(6,2) DEFAULT 0.00,
  `precision_m` decimal(6,2) DEFAULT 0.00,
  `fecha_actualizacion` timestamp NOT NULL DEFAULT current_timestamp() ON UPDATE current_timestamp()
) ENGINE=InnoDB DEFAULT CHARSET=utf8mb4 COLLATE=utf8mb4_general_ci;

--
-- Volcado de datos para la tabla `gps_paseadores`
--

INSERT INTO `gps_paseadores` (`id_paseador`, `lat`, `lng`, `velocidad`, `precision_m`, `fecha_actualizacion`) VALUES
(11, '7.9353282', '-72.5189602', '0.00', '0.00', '2026-07-08 14:20:45');

-- --------------------------------------------------------

--
-- Estructura de tabla para la tabla `historial_gps`
--

CREATE TABLE `historial_gps` (
  `id_historial` int(11) NOT NULL,
  `id_paseador` int(11) NOT NULL,
  `id_ruta` int(11) DEFAULT NULL,
  `lat` decimal(10,7) NOT NULL,
  `lng` decimal(10,7) NOT NULL,
  `velocidad` decimal(6,2) DEFAULT 0.00,
  `precision_m` decimal(6,2) DEFAULT 0.00,
  `fecha_hora` timestamp NOT NULL DEFAULT current_timestamp()
) ENGINE=InnoDB DEFAULT CHARSET=utf8mb4 COLLATE=utf8mb4_general_ci;

--
-- Volcado de datos para la tabla `historial_gps`
--

INSERT INTO `historial_gps` (`id_historial`, `id_paseador`, `id_ruta`, `lat`, `lng`, `velocidad`, `precision_m`, `fecha_hora`) VALUES
(1, 11, 6, '7.9351258', '-72.5189598', '0.00', '105.00', '2026-07-03 07:45:36'),
(2, 11, 6, '7.9351258', '-72.5189598', '0.00', '0.00', '2026-07-03 07:45:40'),
(3, 11, 6, '7.9351258', '-72.5189598', '0.00', '0.00', '2026-07-03 07:45:48'),
(4, 11, 6, '7.9352254', '-72.5189526', '0.00', '100.00', '2026-07-03 07:45:50'),
(5, 11, 6, '7.9352254', '-72.5189526', '0.00', '0.00', '2026-07-03 07:45:50'),
(6, 11, 6, '7.9352254', '-72.5189526', '0.00', '0.00', '2026-07-03 07:45:55'),
(7, 11, 6, '7.9352254', '-72.5189526', '0.00', '0.00', '2026-07-03 07:46:01'),
(8, 11, 6, '7.9352251', '-72.5189573', '0.00', '99.00', '2026-07-03 07:46:04'),
(9, 11, 6, '7.9352251', '-72.5189573', '0.00', '0.00', '2026-07-03 07:46:05'),
(10, 11, 6, '7.9352251', '-72.5189573', '0.00', '0.00', '2026-07-03 07:46:10'),
(11, 11, 6, '7.9352251', '-72.5189573', '0.00', '0.00', '2026-07-03 07:46:16'),
(12, 11, 6, '7.9352251', '-72.5189573', '0.00', '0.00', '2026-07-03 07:46:21'),
(13, 11, 6, '7.9352251', '-72.5189573', '0.00', '0.00', '2026-07-03 07:46:26'),
(14, 11, 6, '7.9352251', '-72.5189573', '0.00', '0.00', '2026-07-03 07:46:31'),
(15, 11, 6, '7.9352251', '-72.5189573', '0.00', '0.00', '2026-07-03 07:46:36'),
(16, 11, 6, '7.9352251', '-72.5189573', '0.00', '0.00', '2026-07-03 07:46:41'),
(17, 11, 6, '7.9352251', '-72.5189573', '0.00', '0.00', '2026-07-03 07:46:46'),
(18, 11, 6, '7.9352251', '-72.5189573', '0.00', '0.00', '2026-07-03 07:46:51'),
(19, 11, 6, '7.9352251', '-72.5189573', '0.00', '0.00', '2026-07-03 07:46:56'),
(20, 11, 6, '7.9352251', '-72.5189573', '0.00', '0.00', '2026-07-03 07:47:01'),
(21, 11, 6, '7.9352251', '-72.5189573', '0.00', '0.00', '2026-07-03 07:47:06'),
(22, 11, 6, '7.9352251', '-72.5189573', '0.00', '0.00', '2026-07-03 07:47:11'),
(23, 11, 6, '7.9352251', '-72.5189573', '0.00', '0.00', '2026-07-03 07:47:16'),
(24, 11, 6, '7.9352976', '-72.5189696', '0.00', '93.00', '2026-07-03 07:47:16'),
(25, 11, 6, '7.9352243', '-72.5189525', '0.00', '100.00', '2026-07-03 09:12:06'),
(26, 11, 6, '7.9352243', '-72.5189525', '0.00', '0.00', '2026-07-03 09:12:07'),
(27, 11, 6, '7.9352243', '-72.5189525', '0.00', '0.00', '2026-07-03 09:12:12'),
(28, 11, 6, '7.9351948', '-72.5189613', '0.00', '93.00', '2026-07-03 09:12:19'),
(29, 11, 6, '7.9351948', '-72.5189613', '0.00', '0.00', '2026-07-03 09:12:21'),
(30, 11, 6, '7.9351948', '-72.5189613', '0.00', '0.00', '2026-07-03 09:12:26'),
(31, 11, 6, '7.9351948', '-72.5189613', '0.00', '0.00', '2026-07-03 09:12:31'),
(32, 11, 6, '7.9351451', '-72.5189466', '0.00', '111.00', '2026-07-03 09:14:08'),
(33, 11, 6, '7.9351451', '-72.5189466', '0.00', '0.00', '2026-07-03 09:14:09'),
(34, 11, 6, '7.9351451', '-72.5189466', '0.00', '0.00', '2026-07-03 09:14:15'),
(35, 11, 6, '7.9351451', '-72.5189466', '0.00', '0.00', '2026-07-03 09:14:20'),
(36, 11, 6, '7.9351451', '-72.5189466', '0.00', '0.00', '2026-07-03 09:14:25'),
(37, 11, 6, '7.9351451', '-72.5189466', '0.00', '0.00', '2026-07-03 09:14:30'),
(38, 11, 6, '7.9351451', '-72.5189466', '0.00', '0.00', '2026-07-03 09:14:35'),
(39, 11, 6, '7.9351451', '-72.5189466', '0.00', '0.00', '2026-07-03 09:14:40'),
(40, 11, 6, '7.9351451', '-72.5189466', '0.00', '0.00', '2026-07-03 09:14:45'),
(41, 11, 6, '7.9351451', '-72.5189466', '0.00', '0.00', '2026-07-03 09:14:50'),
(42, 11, 6, '7.9351451', '-72.5189466', '0.00', '0.00', '2026-07-03 09:14:55'),
(43, 11, 6, '7.9351451', '-72.5189466', '0.00', '0.00', '2026-07-03 09:15:00'),
(44, 11, 6, '7.9351451', '-72.5189466', '0.00', '0.00', '2026-07-03 09:15:05'),
(45, 11, 6, '7.9351451', '-72.5189466', '0.00', '0.00', '2026-07-03 09:15:10'),
(46, 11, 6, '7.9351451', '-72.5189466', '0.00', '0.00', '2026-07-03 09:15:23'),
(47, 11, 6, '7.9351451', '-72.5189466', '0.00', '0.00', '2026-07-03 09:16:23'),
(48, 11, 6, '7.9351451', '-72.5189466', '0.00', '0.00', '2026-07-03 09:17:23'),
(49, 11, 6, '7.9351451', '-72.5189466', '0.00', '0.00', '2026-07-03 11:25:23'),
(50, 11, 6, '7.9351451', '-72.5189466', '0.00', '0.00', '2026-07-03 11:26:23'),
(51, 11, 6, '7.9351451', '-72.5189466', '0.00', '0.00', '2026-07-03 11:27:23'),
(52, 11, 6, '7.9351451', '-72.5189466', '0.00', '0.00', '2026-07-03 11:28:23'),
(53, 11, 6, '7.9351451', '-72.5189466', '0.00', '0.00', '2026-07-03 11:29:02'),
(54, 11, 6, '7.9351451', '-72.5189466', '0.00', '0.00', '2026-07-03 11:29:04'),
(55, 11, 6, '7.9351451', '-72.5189466', '0.00', '0.00', '2026-07-03 11:29:10'),
(56, 11, 6, '7.9351451', '-72.5189466', '0.00', '0.00', '2026-07-03 11:29:15'),
(57, 11, 6, '7.9351451', '-72.5189466', '0.00', '0.00', '2026-07-03 11:29:20'),
(58, 11, 6, '7.9351451', '-72.5189466', '0.00', '0.00', '2026-07-03 11:29:25'),
(59, 11, 6, '7.9351451', '-72.5189466', '0.00', '0.00', '2026-07-03 11:29:30'),
(60, 11, 6, '7.9351451', '-72.5189466', '0.00', '0.00', '2026-07-03 11:29:35'),
(61, 11, 6, '7.9351451', '-72.5189466', '0.00', '0.00', '2026-07-03 11:29:40'),
(62, 11, 6, '7.9351451', '-72.5189466', '0.00', '0.00', '2026-07-03 11:29:45'),
(63, 11, 6, '7.9351451', '-72.5189466', '0.00', '0.00', '2026-07-03 11:29:50'),
(64, 11, 6, '7.9351451', '-72.5189466', '0.00', '0.00', '2026-07-03 11:29:55'),
(65, 11, 6, '7.9351451', '-72.5189466', '0.00', '0.00', '2026-07-03 11:30:00'),
(66, 11, 6, '7.9351451', '-72.5189466', '0.00', '0.00', '2026-07-03 11:30:05'),
(67, 11, 6, '7.9351451', '-72.5189466', '0.00', '0.00', '2026-07-03 11:30:23'),
(68, 11, 6, '7.9351451', '-72.5189466', '0.00', '0.00', '2026-07-03 11:31:23'),
(69, 11, 6, '7.9351451', '-72.5189466', '0.00', '0.00', '2026-07-03 11:32:23'),
(70, 11, 6, '7.9351451', '-72.5189466', '0.00', '0.00', '2026-07-03 11:33:23'),
(71, 11, 6, '7.9351451', '-72.5189466', '0.00', '0.00', '2026-07-03 11:34:23'),
(72, 11, 6, '7.9351451', '-72.5189466', '0.00', '0.00', '2026-07-03 11:35:24'),
(73, 11, 6, '7.9351451', '-72.5189466', '0.00', '0.00', '2026-07-03 11:36:23'),
(74, 11, 6, '7.9351451', '-72.5189466', '0.00', '0.00', '2026-07-03 11:36:36'),
(75, 11, 6, '7.9021218', '-72.5027047', '0.00', '92.00', '2026-07-03 11:36:54'),
(76, 11, 6, '7.9021218', '-72.5027047', '0.00', '0.00', '2026-07-03 11:36:55'),
(77, 11, 6, '7.9021218', '-72.5027047', '0.00', '0.00', '2026-07-03 11:37:00'),
(78, 11, 6, '7.9021218', '-72.5027047', '0.00', '0.00', '2026-07-03 11:37:05'),
(79, 11, 6, '7.9021362', '-72.5026547', '0.00', '84.00', '2026-07-03 11:37:08'),
(80, 11, 6, '7.9021362', '-72.5026547', '0.00', '0.00', '2026-07-03 11:37:10'),
(81, 11, 6, '7.9021362', '-72.5026547', '0.00', '0.00', '2026-07-03 11:37:15'),
(82, 11, 6, '7.9021362', '-72.5026547', '0.00', '0.00', '2026-07-03 11:37:20'),
(83, 11, 6, '7.9021906', '-72.5029068', '0.00', '105.00', '2026-07-03 11:37:21'),
(84, 11, 6, '7.9021906', '-72.5029068', '0.00', '0.00', '2026-07-03 11:37:26'),
(85, 11, 6, '7.9021906', '-72.5029068', '0.00', '0.00', '2026-07-03 11:37:31'),
(86, 11, 6, '7.9021906', '-72.5029068', '0.00', '0.00', '2026-07-03 11:37:36'),
(87, 11, 6, '7.9021906', '-72.5029068', '0.00', '0.00', '2026-07-03 11:37:41'),
(88, 11, 6, '7.9021906', '-72.5029068', '0.00', '0.00', '2026-07-03 11:37:46'),
(89, 11, 6, '7.9021906', '-72.5029068', '0.00', '0.00', '2026-07-03 11:37:51'),
(90, 11, 6, '7.9021906', '-72.5029068', '0.00', '0.00', '2026-07-03 11:37:56'),
(91, 11, 6, '7.9021906', '-72.5029068', '0.00', '0.00', '2026-07-03 11:38:01'),
(92, 11, 6, '7.9021906', '-72.5029068', '0.00', '0.00', '2026-07-03 11:38:06'),
(93, 11, 6, '7.9021906', '-72.5029068', '0.00', '0.00', '2026-07-03 11:38:11'),
(94, 11, 6, '7.9021906', '-72.5029068', '0.00', '0.00', '2026-07-03 11:38:16'),
(95, 11, 6, '7.9021906', '-72.5029068', '0.00', '0.00', '2026-07-03 11:38:21'),
(96, 11, 6, '7.9021906', '-72.5029068', '0.00', '0.00', '2026-07-03 11:39:23'),
(97, 11, 6, '7.9021906', '-72.5029068', '0.00', '0.00', '2026-07-03 11:40:23'),
(98, 11, 6, '7.9021906', '-72.5029068', '0.00', '0.00', '2026-07-03 11:41:23'),
(99, 11, 6, '7.9021906', '-72.5029068', '0.00', '0.00', '2026-07-03 11:42:23'),
(100, 11, 6, '7.9021906', '-72.5029068', '0.00', '0.00', '2026-07-03 11:43:23'),
(101, 11, 6, '7.9021906', '-72.5029068', '0.00', '0.00', '2026-07-03 11:44:23'),
(102, 11, 6, '7.9021906', '-72.5029068', '0.00', '0.00', '2026-07-03 11:45:23'),
(103, 11, 6, '7.9021906', '-72.5029068', '0.00', '0.00', '2026-07-03 11:46:23'),
(104, 11, 6, '7.9021906', '-72.5029068', '0.00', '0.00', '2026-07-03 11:47:23'),
(105, 11, 6, '7.9021906', '-72.5029068', '0.00', '0.00', '2026-07-03 11:48:23'),
(106, 11, 6, '7.9021906', '-72.5029068', '0.00', '0.00', '2026-07-03 11:49:23'),
(107, 11, 6, '7.9021906', '-72.5029068', '0.00', '0.00', '2026-07-03 11:50:23'),
(108, 11, 6, '7.9021906', '-72.5029068', '0.00', '0.00', '2026-07-03 11:51:23'),
(109, 11, 6, '7.9021906', '-72.5029068', '0.00', '0.00', '2026-07-03 11:52:23'),
(110, 11, 6, '7.9021906', '-72.5029068', '0.00', '0.00', '2026-07-03 11:53:23'),
(111, 11, 6, '7.9021906', '-72.5029068', '0.00', '0.00', '2026-07-03 11:54:23'),
(112, 11, 6, '7.9021906', '-72.5029068', '0.00', '0.00', '2026-07-03 11:55:23'),
(113, 11, 6, '7.9021906', '-72.5029068', '0.00', '0.00', '2026-07-03 11:56:23'),
(114, 11, 6, '7.9021906', '-72.5029068', '0.00', '0.00', '2026-07-03 11:57:23'),
(115, 11, 6, '7.9021906', '-72.5029068', '0.00', '0.00', '2026-07-03 11:58:23'),
(116, 11, 6, '7.9021906', '-72.5029068', '0.00', '0.00', '2026-07-03 11:59:23'),
(117, 11, 6, '7.9021906', '-72.5029068', '0.00', '0.00', '2026-07-03 12:00:23'),
(118, 11, 6, '7.9021906', '-72.5029068', '0.00', '0.00', '2026-07-03 12:01:23'),
(119, 11, 6, '7.9021906', '-72.5029068', '0.00', '0.00', '2026-07-03 12:02:24'),
(120, 11, 6, '7.9021906', '-72.5029068', '0.00', '0.00', '2026-07-03 12:03:23'),
(121, 11, 6, '7.9021906', '-72.5029068', '0.00', '0.00', '2026-07-03 12:04:24'),
(122, 11, 6, '7.9021906', '-72.5029068', '0.00', '0.00', '2026-07-03 12:05:26'),
(123, 11, 6, '7.9021906', '-72.5029068', '0.00', '0.00', '2026-07-03 12:06:24'),
(124, 11, 6, '7.9021906', '-72.5029068', '0.00', '0.00', '2026-07-03 12:07:23'),
(125, 11, 6, '7.9021906', '-72.5029068', '0.00', '0.00', '2026-07-03 12:08:24'),
(126, 11, 6, '7.9021906', '-72.5029068', '0.00', '0.00', '2026-07-03 12:09:23'),
(127, 11, 6, '7.9021906', '-72.5029068', '0.00', '0.00', '2026-07-03 12:10:25'),
(128, 11, 6, '7.9021906', '-72.5029068', '0.00', '0.00', '2026-07-03 12:11:24'),
(129, 11, 6, '7.9021906', '-72.5029068', '0.00', '0.00', '2026-07-03 12:12:24'),
(130, 11, 6, '7.9021906', '-72.5029068', '0.00', '0.00', '2026-07-03 12:13:23'),
(131, 11, 6, '7.9021906', '-72.5029068', '0.00', '0.00', '2026-07-03 12:14:23'),
(132, 11, 6, '7.9021906', '-72.5029068', '0.00', '0.00', '2026-07-03 12:15:24'),
(133, 11, 6, '7.9021906', '-72.5029068', '0.00', '0.00', '2026-07-03 12:16:25'),
(134, 11, 6, '7.9021906', '-72.5029068', '0.00', '0.00', '2026-07-03 12:17:24'),
(135, 11, 6, '7.9021906', '-72.5029068', '0.00', '0.00', '2026-07-03 12:18:23'),
(136, 11, 6, '7.9021906', '-72.5029068', '0.00', '0.00', '2026-07-03 12:19:23'),
(137, 11, 6, '7.9021906', '-72.5029068', '0.00', '0.00', '2026-07-03 12:20:23'),
(138, 11, 6, '7.9021906', '-72.5029068', '0.00', '0.00', '2026-07-03 12:21:23'),
(139, 11, 6, '7.9021906', '-72.5029068', '0.00', '0.00', '2026-07-03 12:24:58'),
(140, 11, 6, '7.9021906', '-72.5029068', '0.00', '0.00', '2026-07-03 12:25:23'),
(141, 11, 6, '7.9021906', '-72.5029068', '0.00', '0.00', '2026-07-03 12:26:23'),
(142, 11, 6, '7.9021906', '-72.5029068', '0.00', '0.00', '2026-07-03 12:27:23'),
(143, 11, 6, '7.9021906', '-72.5029068', '0.00', '0.00', '2026-07-03 12:28:23'),
(144, 11, 6, '7.9021906', '-72.5029068', '0.00', '0.00', '2026-07-03 12:29:23'),
(145, 11, 6, '7.9021906', '-72.5029068', '0.00', '0.00', '2026-07-03 12:30:23'),
(146, 11, 6, '7.9021906', '-72.5029068', '0.00', '0.00', '2026-07-03 12:31:23'),
(147, 11, 6, '7.9021906', '-72.5029068', '0.00', '0.00', '2026-07-03 12:32:23'),
(148, 11, 6, '7.9021906', '-72.5029068', '0.00', '0.00', '2026-07-03 12:33:23'),
(149, 11, 6, '7.9021906', '-72.5029068', '0.00', '0.00', '2026-07-03 12:34:23'),
(150, 11, 6, '7.9021906', '-72.5029068', '0.00', '0.00', '2026-07-03 12:35:23'),
(151, 11, 6, '7.9021906', '-72.5029068', '0.00', '0.00', '2026-07-03 12:36:23'),
(152, 11, 6, '7.9021906', '-72.5029068', '0.00', '0.00', '2026-07-03 12:37:23'),
(153, 11, 6, '7.9021906', '-72.5029068', '0.00', '0.00', '2026-07-03 12:38:23'),
(154, 11, 6, '7.9021906', '-72.5029068', '0.00', '0.00', '2026-07-03 12:39:23'),
(155, 11, 6, '7.9021906', '-72.5029068', '0.00', '0.00', '2026-07-03 12:40:23'),
(156, 11, 6, '7.9021906', '-72.5029068', '0.00', '0.00', '2026-07-03 12:41:23'),
(157, 11, 6, '7.9021906', '-72.5029068', '0.00', '0.00', '2026-07-03 12:42:23'),
(158, 11, 6, '7.9021906', '-72.5029068', '0.00', '0.00', '2026-07-03 12:43:23'),
(159, 11, 6, '7.9021906', '-72.5029068', '0.00', '0.00', '2026-07-03 12:44:23'),
(160, 11, 6, '7.9021906', '-72.5029068', '0.00', '0.00', '2026-07-03 12:45:23'),
(161, 11, 6, '7.9021906', '-72.5029068', '0.00', '0.00', '2026-07-03 12:46:23'),
(162, 11, 6, '7.9021906', '-72.5029068', '0.00', '0.00', '2026-07-03 12:47:23'),
(163, 11, 6, '7.9021906', '-72.5029068', '0.00', '0.00', '2026-07-03 12:48:23'),
(164, 11, 6, '7.9021906', '-72.5029068', '0.00', '0.00', '2026-07-03 12:49:23'),
(165, 11, 6, '7.9021906', '-72.5029068', '0.00', '0.00', '2026-07-03 12:50:23'),
(166, 11, 6, '7.9021906', '-72.5029068', '0.00', '0.00', '2026-07-03 12:51:23'),
(167, 11, 6, '7.9021906', '-72.5029068', '0.00', '0.00', '2026-07-03 12:52:23'),
(168, 11, 6, '7.9021906', '-72.5029068', '0.00', '0.00', '2026-07-03 12:53:23'),
(169, 11, 6, '7.9021906', '-72.5029068', '0.00', '0.00', '2026-07-03 12:54:23'),
(170, 11, 6, '7.9021906', '-72.5029068', '0.00', '0.00', '2026-07-03 12:55:23'),
(171, 11, 6, '7.9021906', '-72.5029068', '0.00', '0.00', '2026-07-03 12:56:23'),
(172, 11, 6, '7.9021906', '-72.5029068', '0.00', '0.00', '2026-07-03 12:57:25'),
(173, 11, 6, '7.9021906', '-72.5029068', '0.00', '0.00', '2026-07-03 12:58:23'),
(174, 11, 6, '7.9021906', '-72.5029068', '0.00', '0.00', '2026-07-03 12:59:23'),
(175, 11, 6, '7.9021906', '-72.5029068', '0.00', '0.00', '2026-07-03 13:00:23'),
(176, 11, 6, '7.9021906', '-72.5029068', '0.00', '0.00', '2026-07-03 13:01:23'),
(177, 11, 6, '7.9021906', '-72.5029068', '0.00', '0.00', '2026-07-03 13:02:23'),
(178, 11, 6, '7.9021906', '-72.5029068', '0.00', '0.00', '2026-07-03 13:03:23'),
(179, 11, 6, '7.9021906', '-72.5029068', '0.00', '0.00', '2026-07-03 13:04:23'),
(180, 11, 6, '7.9021906', '-72.5029068', '0.00', '0.00', '2026-07-03 13:05:23'),
(181, 11, 6, '7.9021906', '-72.5029068', '0.00', '0.00', '2026-07-03 13:06:23'),
(182, 11, 6, '7.9021906', '-72.5029068', '0.00', '0.00', '2026-07-03 13:07:23'),
(183, 11, 6, '7.9021906', '-72.5029068', '0.00', '0.00', '2026-07-03 13:07:32'),
(184, 11, 6, '7.9021444', '-72.5026501', '0.00', '89.00', '2026-07-03 13:07:35'),
(185, 11, 6, '7.9021444', '-72.5026501', '0.00', '0.00', '2026-07-03 13:07:35'),
(186, 11, 6, '7.9021444', '-72.5026501', '0.00', '0.00', '2026-07-03 13:07:40'),
(187, 11, 6, '7.9021444', '-72.5026501', '0.00', '0.00', '2026-07-03 13:07:46'),
(188, 11, 6, '7.9021444', '-72.5026501', '0.00', '0.00', '2026-07-03 13:07:51'),
(189, 11, 6, '7.9021444', '-72.5026501', '0.00', '0.00', '2026-07-03 13:07:56'),
(190, 11, 6, '7.9021444', '-72.5026501', '0.00', '0.00', '2026-07-03 13:08:01'),
(191, 11, 6, '7.9021444', '-72.5026501', '0.00', '0.00', '2026-07-03 13:08:06'),
(192, 11, 6, '7.9021444', '-72.5026501', '0.00', '0.00', '2026-07-03 13:08:11'),
(193, 11, 6, '7.9021444', '-72.5026501', '0.00', '0.00', '2026-07-03 13:08:16'),
(194, 11, 6, '7.9021444', '-72.5026501', '0.00', '0.00', '2026-07-03 13:08:21'),
(195, 11, 6, '7.9021444', '-72.5026501', '0.00', '0.00', '2026-07-03 13:08:26'),
(196, 11, 6, '7.9021444', '-72.5026501', '0.00', '0.00', '2026-07-03 13:08:31'),
(197, 11, 6, '7.9021444', '-72.5026501', '0.00', '0.00', '2026-07-03 13:08:36'),
(198, 11, 6, '7.9021444', '-72.5026501', '0.00', '0.00', '2026-07-03 13:08:41'),
(199, 11, 6, '7.9021444', '-72.5026501', '0.00', '0.00', '2026-07-03 13:09:23'),
(200, 11, 6, '7.9021444', '-72.5026501', '0.00', '0.00', '2026-07-03 13:10:23'),
(201, 11, 6, '7.9021444', '-72.5026501', '0.00', '0.00', '2026-07-03 13:11:23'),
(202, 11, 6, '7.9021444', '-72.5026501', '0.00', '0.00', '2026-07-03 13:12:23'),
(203, 11, 6, '7.9021444', '-72.5026501', '0.00', '0.00', '2026-07-03 13:13:23'),
(204, 11, 6, '7.9021444', '-72.5026501', '0.00', '0.00', '2026-07-03 13:14:23'),
(205, 11, 6, '7.9021444', '-72.5026501', '0.00', '0.00', '2026-07-03 13:15:23'),
(206, 11, 6, '7.9021444', '-72.5026501', '0.00', '0.00', '2026-07-03 13:16:23'),
(207, 11, 6, '7.9021444', '-72.5026501', '0.00', '0.00', '2026-07-03 13:17:23'),
(208, 11, 6, '7.9021444', '-72.5026501', '0.00', '0.00', '2026-07-03 13:18:23'),
(209, 11, 6, '7.9021444', '-72.5026501', '0.00', '0.00', '2026-07-03 13:19:23'),
(210, 11, 6, '7.9021444', '-72.5026501', '0.00', '0.00', '2026-07-03 13:20:24'),
(211, 11, 6, '7.9021444', '-72.5026501', '0.00', '0.00', '2026-07-03 13:21:23'),
(212, 11, 6, '7.9021444', '-72.5026501', '0.00', '0.00', '2026-07-03 13:22:23'),
(213, 11, 6, '7.9021444', '-72.5026501', '0.00', '0.00', '2026-07-03 13:23:23'),
(214, 11, 6, '7.9021444', '-72.5026501', '0.00', '0.00', '2026-07-03 13:24:23'),
(215, 11, 6, '7.9021444', '-72.5026501', '0.00', '0.00', '2026-07-03 13:25:23'),
(216, 11, 6, '7.9021444', '-72.5026501', '0.00', '0.00', '2026-07-03 13:26:23'),
(217, 11, 6, '7.9021444', '-72.5026501', '0.00', '0.00', '2026-07-03 13:27:23'),
(218, 11, 6, '7.9021444', '-72.5026501', '0.00', '0.00', '2026-07-03 13:28:23'),
(219, 11, 6, '7.9021444', '-72.5026501', '0.00', '0.00', '2026-07-03 13:29:23'),
(220, 11, 6, '7.9021444', '-72.5026501', '0.00', '0.00', '2026-07-03 13:30:23'),
(221, 11, 6, '7.9021444', '-72.5026501', '0.00', '0.00', '2026-07-03 13:31:23'),
(222, 11, 6, '7.9021444', '-72.5026501', '0.00', '0.00', '2026-07-03 13:32:23'),
(223, 11, 6, '7.9021444', '-72.5026501', '0.00', '0.00', '2026-07-03 13:33:23'),
(224, 11, 6, '7.9021444', '-72.5026501', '0.00', '0.00', '2026-07-03 13:34:23'),
(225, 11, 6, '7.9021444', '-72.5026501', '0.00', '0.00', '2026-07-03 13:35:23'),
(226, 11, 6, '7.9021444', '-72.5026501', '0.00', '0.00', '2026-07-03 13:36:23'),
(227, 11, 6, '7.9021444', '-72.5026501', '0.00', '0.00', '2026-07-03 13:37:23'),
(228, 11, 6, '7.9021444', '-72.5026501', '0.00', '0.00', '2026-07-03 13:38:23'),
(229, 11, 6, '7.9021444', '-72.5026501', '0.00', '0.00', '2026-07-03 13:39:23'),
(230, 11, 6, '7.9021444', '-72.5026501', '0.00', '0.00', '2026-07-03 13:40:23'),
(231, 11, 6, '7.9021444', '-72.5026501', '0.00', '0.00', '2026-07-03 13:41:23'),
(232, 11, 6, '7.9021444', '-72.5026501', '0.00', '0.00', '2026-07-03 13:42:23'),
(233, 11, 6, '7.9021444', '-72.5026501', '0.00', '0.00', '2026-07-03 13:43:23'),
(234, 11, 6, '7.9021444', '-72.5026501', '0.00', '0.00', '2026-07-03 13:44:23'),
(235, 11, 6, '7.9351442', '-72.5189473', '0.00', '115.00', '2026-07-03 18:24:57'),
(236, 11, 6, '7.9351442', '-72.5189473', '0.00', '0.00', '2026-07-03 18:24:57'),
(237, 11, 6, '7.9351442', '-72.5189473', '0.00', '0.00', '2026-07-03 18:25:02'),
(238, 11, 10, '7.8972016', '-72.5086930', '3.50', '15.00', '2026-07-07 03:21:47'),
(239, 11, 10, '7.9002391', '-72.5095145', '3.50', '15.00', '2026-07-07 03:21:49'),
(240, 11, 10, '7.9030336', '-72.5102703', '3.50', '15.00', '2026-07-07 03:21:51'),
(241, 11, 10, '7.9030336', '-72.5102703', '0.00', '0.00', '2026-07-07 03:21:51'),
(242, 11, 10, '7.9056045', '-72.5109657', '3.50', '15.00', '2026-07-07 03:21:53'),
(243, 11, 10, '7.9079698', '-72.5116054', '3.50', '15.00', '2026-07-07 03:21:55'),
(244, 11, 10, '7.9079698', '-72.5116054', '0.00', '0.00', '2026-07-07 03:21:56'),
(245, 11, 10, '7.9101458', '-72.5121939', '3.50', '15.00', '2026-07-07 03:21:57'),
(246, 11, 10, '7.9121478', '-72.5127354', '3.50', '15.00', '2026-07-07 03:21:59'),
(247, 11, 10, '7.9139896', '-72.5132335', '3.50', '15.00', '2026-07-07 03:22:01'),
(248, 11, 10, '7.9139896', '-72.5132335', '0.00', '0.00', '2026-07-07 03:22:01'),
(249, 11, 10, '7.9156840', '-72.5136918', '3.50', '15.00', '2026-07-07 03:22:03'),
(250, 11, 10, '7.9172429', '-72.5141135', '3.50', '15.00', '2026-07-07 03:22:05'),
(251, 11, 10, '7.9172429', '-72.5141135', '0.00', '0.00', '2026-07-07 03:22:06'),
(252, 11, 10, '7.9186771', '-72.5145014', '3.50', '15.00', '2026-07-07 03:22:07'),
(253, 11, 10, '7.9199965', '-72.5148582', '3.50', '15.00', '2026-07-07 03:22:09'),
(254, 11, 10, '7.9212104', '-72.5151866', '3.50', '15.00', '2026-07-07 03:22:11'),
(255, 11, 10, '7.9212104', '-72.5151866', '0.00', '0.00', '2026-07-07 03:22:11'),
(256, 11, 10, '7.9223272', '-72.5154886', '3.50', '15.00', '2026-07-07 03:22:13'),
(257, 11, 10, '7.9233546', '-72.5157665', '3.50', '15.00', '2026-07-07 03:22:15'),
(258, 11, 10, '7.9233546', '-72.5157665', '0.00', '0.00', '2026-07-07 03:22:16'),
(259, 11, 10, '7.9242999', '-72.5160221', '3.50', '15.00', '2026-07-07 03:22:17'),
(260, 11, 10, '7.9251695', '-72.5162574', '3.50', '15.00', '2026-07-07 03:22:19'),
(261, 11, 10, '7.9259696', '-72.5164737', '3.50', '15.00', '2026-07-07 03:22:21'),
(262, 11, 10, '7.9259696', '-72.5164737', '0.00', '0.00', '2026-07-07 03:22:21'),
(263, 11, 10, '7.9267056', '-72.5166728', '3.50', '15.00', '2026-07-07 03:22:23'),
(264, 11, 10, '7.9273828', '-72.5168560', '3.50', '15.00', '2026-07-07 03:22:25'),
(265, 11, 10, '7.9273828', '-72.5168560', '0.00', '0.00', '2026-07-07 03:22:26'),
(266, 11, 10, '7.9280058', '-72.5170245', '3.50', '15.00', '2026-07-07 03:22:27'),
(267, 11, 10, '7.9285789', '-72.5171795', '3.50', '15.00', '2026-07-07 03:22:29'),
(268, 11, 10, '7.9291062', '-72.5173221', '3.50', '15.00', '2026-07-07 03:22:31'),
(269, 11, 10, '7.9291062', '-72.5173221', '0.00', '0.00', '2026-07-07 03:22:31'),
(270, 11, 10, '7.9295914', '-72.5174533', '3.50', '15.00', '2026-07-07 03:22:33'),
(271, 11, 10, '7.9300377', '-72.5175740', '3.50', '15.00', '2026-07-07 03:22:35'),
(272, 11, 10, '7.9300377', '-72.5175740', '0.00', '0.00', '2026-07-07 03:22:36'),
(273, 11, 10, '7.9304483', '-72.5176851', '3.50', '15.00', '2026-07-07 03:22:37'),
(274, 11, 10, '7.9308260', '-72.5177872', '3.50', '15.00', '2026-07-07 03:22:39'),
(275, 11, 10, '7.9311736', '-72.5178812', '3.50', '15.00', '2026-07-07 03:22:41'),
(276, 11, 10, '7.9311736', '-72.5178812', '0.00', '0.00', '2026-07-07 03:22:41'),
(277, 11, 10, '7.9314933', '-72.5179677', '3.50', '15.00', '2026-07-07 03:22:43'),
(278, 11, 10, '7.9317874', '-72.5180473', '3.50', '15.00', '2026-07-07 03:22:45'),
(279, 11, 10, '7.9317874', '-72.5180473', '0.00', '0.00', '2026-07-07 03:22:46'),
(280, 11, 10, '7.9320581', '-72.5181205', '3.50', '15.00', '2026-07-07 03:22:47'),
(281, 11, 10, '7.9323070', '-72.5181878', '3.50', '15.00', '2026-07-07 03:22:49'),
(282, 11, 10, '7.9325361', '-72.5182498', '3.50', '15.00', '2026-07-07 03:22:51'),
(283, 11, 10, '7.9325361', '-72.5182498', '0.00', '0.00', '2026-07-07 03:22:51'),
(284, 11, 10, '7.9327468', '-72.5183068', '3.50', '15.00', '2026-07-07 03:22:53'),
(285, 11, 10, '7.9329407', '-72.5183592', '3.50', '15.00', '2026-07-07 03:22:55'),
(286, 11, 10, '7.9329407', '-72.5183592', '0.00', '0.00', '2026-07-07 03:22:56'),
(287, 11, 10, '7.9331190', '-72.5184074', '3.50', '15.00', '2026-07-07 03:22:57'),
(288, 11, 10, '7.9332831', '-72.5184518', '3.50', '15.00', '2026-07-07 03:22:59'),
(289, 11, 10, '7.9334341', '-72.5184926', '3.50', '15.00', '2026-07-07 03:23:01'),
(290, 11, 10, '7.9334341', '-72.5184926', '0.00', '0.00', '2026-07-07 03:23:01'),
(291, 11, 10, '7.9335730', '-72.5185302', '3.50', '15.00', '2026-07-07 03:23:03'),
(292, 11, 10, '7.9337008', '-72.5185648', '3.50', '15.00', '2026-07-07 03:23:05'),
(293, 11, 10, '7.9337008', '-72.5185648', '0.00', '0.00', '2026-07-07 03:23:06'),
(294, 11, 10, '7.9338183', '-72.5185966', '3.50', '15.00', '2026-07-07 03:23:07'),
(295, 11, 10, '7.9339265', '-72.5186258', '3.50', '15.00', '2026-07-07 03:23:09'),
(296, 11, 10, '7.9340260', '-72.5186527', '3.50', '15.00', '2026-07-07 03:23:11'),
(297, 11, 10, '7.9340260', '-72.5186527', '0.00', '0.00', '2026-07-07 03:23:11'),
(298, 11, 10, '7.9341175', '-72.5186775', '3.50', '15.00', '2026-07-07 03:23:13'),
(299, 11, 10, '7.9342017', '-72.5187003', '3.50', '15.00', '2026-07-07 03:23:15'),
(300, 11, 10, '7.9342017', '-72.5187003', '0.00', '0.00', '2026-07-07 03:23:16'),
(301, 11, 10, '7.9342792', '-72.5187212', '3.50', '15.00', '2026-07-07 03:23:17'),
(302, 11, 10, '7.9343505', '-72.5187405', '3.50', '15.00', '2026-07-07 03:23:19'),
(303, 11, 10, '7.9344161', '-72.5187582', '3.50', '15.00', '2026-07-07 03:23:21'),
(304, 11, 10, '7.9344161', '-72.5187582', '0.00', '0.00', '2026-07-07 03:23:21'),
(305, 11, 10, '7.9344764', '-72.5187745', '3.50', '15.00', '2026-07-07 03:23:23'),
(306, 11, 10, '7.9345319', '-72.5187896', '3.50', '15.00', '2026-07-07 03:23:25'),
(307, 11, 10, '7.9345319', '-72.5187896', '0.00', '0.00', '2026-07-07 03:23:26'),
(308, 11, 10, '7.9345830', '-72.5188034', '3.50', '15.00', '2026-07-07 03:23:27'),
(309, 11, 10, '7.9346299', '-72.5188161', '3.50', '15.00', '2026-07-07 03:23:29'),
(310, 11, 10, '7.9346732', '-72.5188278', '3.50', '15.00', '2026-07-07 03:23:31'),
(311, 11, 10, '7.9346732', '-72.5188278', '0.00', '0.00', '2026-07-07 03:23:31'),
(312, 11, 10, '7.9347129', '-72.5188385', '3.50', '15.00', '2026-07-07 03:23:33'),
(313, 11, 10, '7.9347495', '-72.5188484', '3.50', '15.00', '2026-07-07 03:23:35'),
(314, 11, 10, '7.9347495', '-72.5188484', '0.00', '0.00', '2026-07-07 03:23:36'),
(315, 11, 10, '7.9347832', '-72.5188575', '3.50', '15.00', '2026-07-07 03:23:37'),
(316, 11, 10, '7.9348141', '-72.5188659', '3.50', '15.00', '2026-07-07 03:23:39'),
(317, 11, 10, '7.9348426', '-72.5188736', '3.50', '15.00', '2026-07-07 03:23:41'),
(318, 11, 10, '7.9348426', '-72.5188736', '0.00', '0.00', '2026-07-07 03:23:41'),
(319, 11, 10, '7.9348688', '-72.5188807', '3.50', '15.00', '2026-07-07 03:23:43'),
(320, 11, 10, '7.9348929', '-72.5188872', '3.50', '15.00', '2026-07-07 03:23:45'),
(321, 11, 10, '7.9348929', '-72.5188872', '0.00', '0.00', '2026-07-07 03:23:46'),
(322, 11, 10, '7.9349151', '-72.5188932', '3.50', '15.00', '2026-07-07 03:23:47'),
(323, 11, 10, '7.9349355', '-72.5188987', '3.50', '15.00', '2026-07-07 03:23:49'),
(324, 11, 10, '7.9349543', '-72.5189038', '3.50', '15.00', '2026-07-07 03:23:51'),
(325, 11, 10, '7.9349543', '-72.5189038', '0.00', '0.00', '2026-07-07 03:23:51'),
(326, 11, 10, '7.9349716', '-72.5189085', '3.50', '15.00', '2026-07-07 03:23:53'),
(327, 11, 10, '7.9349875', '-72.5189128', '3.50', '15.00', '2026-07-07 03:23:55'),
(328, 11, 10, '7.9349875', '-72.5189128', '0.00', '0.00', '2026-07-07 03:23:56'),
(329, 11, 10, '7.9350021', '-72.5189167', '3.50', '15.00', '2026-07-07 03:23:57'),
(330, 11, 10, '7.9350155', '-72.5189204', '3.50', '15.00', '2026-07-07 03:23:59'),
(331, 11, 10, '7.9350279', '-72.5189237', '3.50', '15.00', '2026-07-07 03:24:01'),
(332, 11, 10, '7.9350279', '-72.5189237', '0.00', '0.00', '2026-07-07 03:24:01'),
(333, 11, 10, '7.9350393', '-72.5189268', '3.50', '15.00', '2026-07-07 03:24:03'),
(334, 11, 10, '7.9350498', '-72.5189296', '3.50', '15.00', '2026-07-07 03:24:05'),
(335, 11, 10, '7.9350498', '-72.5189296', '0.00', '0.00', '2026-07-07 03:24:06'),
(336, 11, 10, '7.9350594', '-72.5189322', '3.50', '15.00', '2026-07-07 03:24:07'),
(337, 11, 10, '7.9350683', '-72.5189346', '3.50', '15.00', '2026-07-07 03:24:09'),
(338, 11, 10, '7.9350764', '-72.5189368', '3.50', '15.00', '2026-07-07 03:24:11'),
(339, 11, 10, '7.9350764', '-72.5189368', '0.00', '0.00', '2026-07-07 03:24:11'),
(340, 11, 10, '7.9350839', '-72.5189389', '3.50', '15.00', '2026-07-07 03:24:13'),
(341, 11, 10, '7.9350908', '-72.5189407', '3.50', '15.00', '2026-07-07 03:24:15'),
(342, 11, 10, '7.9350908', '-72.5189407', '0.00', '0.00', '2026-07-07 03:24:16'),
(343, 11, 10, '7.9350972', '-72.5189424', '3.50', '15.00', '2026-07-07 03:24:17'),
(344, 11, 10, '7.9351030', '-72.5189440', '3.50', '15.00', '2026-07-07 03:24:19'),
(345, 11, 10, '7.9351084', '-72.5189455', '3.50', '15.00', '2026-07-07 03:24:21'),
(346, 11, 10, '7.9351084', '-72.5189455', '0.00', '0.00', '2026-07-07 03:24:21'),
(347, 11, 10, '7.9351133', '-72.5189468', '3.50', '15.00', '2026-07-07 03:24:23'),
(348, 11, 10, '7.9351179', '-72.5189480', '3.50', '15.00', '2026-07-07 03:24:25'),
(349, 11, 10, '7.9351179', '-72.5189480', '0.00', '0.00', '2026-07-07 03:24:26'),
(350, 11, 10, '7.9351221', '-72.5189492', '3.50', '15.00', '2026-07-07 03:24:27'),
(351, 11, 10, '7.9351259', '-72.5189502', '3.50', '15.00', '2026-07-07 03:24:29'),
(352, 11, 10, '7.9351295', '-72.5189512', '3.50', '15.00', '2026-07-07 03:24:31'),
(353, 11, 10, '7.9351295', '-72.5189512', '0.00', '0.00', '2026-07-07 03:24:31'),
(354, 11, 10, '7.9351327', '-72.5189521', '3.50', '15.00', '2026-07-07 03:24:33'),
(355, 11, 10, '7.9351357', '-72.5189529', '3.50', '15.00', '2026-07-07 03:24:35'),
(356, 11, 10, '7.9351357', '-72.5189529', '0.00', '0.00', '2026-07-07 03:24:36'),
(357, 11, 10, '7.9351385', '-72.5189536', '3.50', '15.00', '2026-07-07 03:24:37'),
(358, 11, 10, '7.9351410', '-72.5189543', '3.50', '15.00', '2026-07-07 03:24:39'),
(359, 11, 10, '7.9351433', '-72.5189549', '3.50', '15.00', '2026-07-07 03:24:41'),
(360, 11, 10, '7.9351433', '-72.5189549', '0.00', '0.00', '2026-07-07 03:24:41'),
(361, 11, 10, '7.9351455', '-72.5189555', '3.50', '15.00', '2026-07-07 03:24:43'),
(362, 11, 10, '7.9351475', '-72.5189561', '3.50', '15.00', '2026-07-07 03:24:45'),
(363, 11, 10, '7.9351475', '-72.5189561', '0.00', '0.00', '2026-07-07 03:24:46'),
(364, 11, 10, '7.9351493', '-72.5189565', '3.50', '15.00', '2026-07-07 03:24:47'),
(365, 11, 10, '7.9351510', '-72.5189570', '3.50', '15.00', '2026-07-07 03:24:49'),
(366, 11, 10, '7.9351525', '-72.5189574', '3.50', '15.00', '2026-07-07 03:24:51'),
(367, 11, 10, '7.9351525', '-72.5189574', '0.00', '0.00', '2026-07-07 03:24:51'),
(368, 11, 10, '7.9351539', '-72.5189578', '3.50', '15.00', '2026-07-07 03:24:53'),
(369, 11, 10, '7.9351552', '-72.5189581', '3.50', '15.00', '2026-07-07 03:24:55'),
(370, 11, 10, '7.9351552', '-72.5189581', '0.00', '0.00', '2026-07-07 03:24:56'),
(371, 11, 10, '7.9351564', '-72.5189585', '3.50', '15.00', '2026-07-07 03:24:57'),
(372, 11, 10, '7.9351575', '-72.5189588', '3.50', '15.00', '2026-07-07 03:24:59'),
(373, 11, 10, '7.9351585', '-72.5189590', '3.50', '15.00', '2026-07-07 03:25:01'),
(374, 11, 10, '7.9351585', '-72.5189590', '0.00', '0.00', '2026-07-07 03:25:01'),
(375, 11, 10, '7.9351595', '-72.5189593', '3.50', '15.00', '2026-07-07 03:25:03'),
(376, 11, 10, '7.9351603', '-72.5189595', '3.50', '15.00', '2026-07-07 03:25:05'),
(377, 11, 10, '7.9351603', '-72.5189595', '0.00', '0.00', '2026-07-07 03:25:06'),
(378, 11, 10, '7.9351611', '-72.5189597', '3.50', '15.00', '2026-07-07 03:25:07'),
(379, 11, 10, '7.9351618', '-72.5189599', '3.50', '15.00', '2026-07-07 03:25:09'),
(380, 11, 10, '7.9351625', '-72.5189601', '3.50', '15.00', '2026-07-07 03:25:11'),
(381, 11, 10, '7.9351625', '-72.5189601', '0.00', '0.00', '2026-07-07 03:25:11'),
(382, 11, 10, '7.9351631', '-72.5189603', '3.50', '15.00', '2026-07-07 03:25:13'),
(383, 11, 10, '7.9351637', '-72.5189604', '3.50', '15.00', '2026-07-07 03:25:15'),
(384, 11, 10, '7.9351637', '-72.5189604', '0.00', '0.00', '2026-07-07 03:25:16'),
(385, 11, 10, '7.9351642', '-72.5189606', '3.50', '15.00', '2026-07-07 03:25:17'),
(386, 11, 10, '7.9351647', '-72.5189607', '3.50', '15.00', '2026-07-07 03:25:19'),
(387, 11, 10, '7.9351651', '-72.5189608', '3.50', '15.00', '2026-07-07 03:25:21'),
(388, 11, 10, '7.9351651', '-72.5189608', '0.00', '0.00', '2026-07-07 03:25:21'),
(389, 11, 10, '7.9351655', '-72.5189609', '3.50', '15.00', '2026-07-07 03:25:23'),
(390, 11, 10, '7.9351659', '-72.5189610', '3.50', '15.00', '2026-07-07 03:25:25'),
(391, 11, 10, '7.9351659', '-72.5189610', '0.00', '0.00', '2026-07-07 03:25:26'),
(392, 11, 10, '7.9351663', '-72.5189611', '3.50', '15.00', '2026-07-07 03:25:27'),
(393, 11, 10, '7.9351666', '-72.5189612', '3.50', '15.00', '2026-07-07 03:25:29'),
(394, 11, 10, '7.9351669', '-72.5189613', '3.50', '15.00', '2026-07-07 03:25:31'),
(395, 11, 10, '7.9351669', '-72.5189613', '0.00', '0.00', '2026-07-07 03:25:31'),
(396, 11, 10, '7.9351671', '-72.5189614', '3.50', '15.00', '2026-07-07 03:25:33'),
(397, 11, 10, '7.9351674', '-72.5189614', '3.50', '15.00', '2026-07-07 03:25:35'),
(398, 11, 10, '7.9351674', '-72.5189614', '0.00', '0.00', '2026-07-07 03:25:36'),
(399, 11, 10, '7.9351676', '-72.5189615', '3.50', '15.00', '2026-07-07 03:25:37'),
(400, 11, 10, '7.9351678', '-72.5189616', '3.50', '15.00', '2026-07-07 03:25:39'),
(401, 11, 10, '7.9351680', '-72.5189616', '3.50', '15.00', '2026-07-07 03:25:41'),
(402, 11, 10, '7.9351680', '-72.5189616', '0.00', '0.00', '2026-07-07 03:25:41'),
(403, 11, 10, '7.9351682', '-72.5189617', '3.50', '15.00', '2026-07-07 03:25:43'),
(404, 11, 10, '7.9351683', '-72.5189617', '3.50', '15.00', '2026-07-07 03:25:45'),
(405, 11, 10, '7.9351683', '-72.5189617', '0.00', '0.00', '2026-07-07 03:25:46'),
(406, 11, 10, '7.9351685', '-72.5189617', '3.50', '15.00', '2026-07-07 03:25:47'),
(407, 11, 10, '7.9351686', '-72.5189618', '3.50', '15.00', '2026-07-07 03:25:49'),
(408, 11, 10, '7.9351687', '-72.5189618', '3.50', '15.00', '2026-07-07 03:25:51'),
(409, 11, 10, '7.9351687', '-72.5189618', '0.00', '0.00', '2026-07-07 03:25:51'),
(410, 11, 10, '7.9351689', '-72.5189618', '3.50', '15.00', '2026-07-07 03:25:53'),
(411, 11, 10, '7.9351690', '-72.5189619', '3.50', '15.00', '2026-07-07 03:25:55'),
(412, 11, 10, '7.9351690', '-72.5189619', '0.00', '0.00', '2026-07-07 03:25:56'),
(413, 11, 10, '7.9351691', '-72.5189619', '3.50', '15.00', '2026-07-07 03:25:57'),
(414, 11, 10, '7.9351692', '-72.5189619', '3.50', '15.00', '2026-07-07 03:25:59'),
(415, 11, 10, '7.9351692', '-72.5189619', '3.50', '15.00', '2026-07-07 03:26:01'),
(416, 11, 10, '7.9351692', '-72.5189619', '0.00', '0.00', '2026-07-07 03:26:01'),
(417, 11, 10, '7.9351693', '-72.5189620', '3.50', '15.00', '2026-07-07 03:26:03'),
(418, 11, 10, '7.9351694', '-72.5189620', '3.50', '15.00', '2026-07-07 03:26:05'),
(419, 11, 10, '7.9351694', '-72.5189620', '0.00', '0.00', '2026-07-07 03:26:07'),
(420, 11, 10, '7.9351695', '-72.5189620', '3.50', '15.00', '2026-07-07 03:26:07'),
(421, 11, 10, '7.9351695', '-72.5189620', '3.50', '15.00', '2026-07-07 03:26:09'),
(422, 11, 10, '7.9351696', '-72.5189620', '3.50', '15.00', '2026-07-07 03:26:11'),
(423, 11, 10, '7.9351696', '-72.5189620', '0.00', '0.00', '2026-07-07 03:26:11'),
(424, 11, 10, '7.9351696', '-72.5189620', '3.50', '15.00', '2026-07-07 03:26:13'),
(425, 11, 10, '7.9351697', '-72.5189621', '3.50', '15.00', '2026-07-07 03:26:15'),
(426, 11, 10, '7.9351697', '-72.5189621', '0.00', '0.00', '2026-07-07 03:26:16'),
(427, 11, 10, '7.9351697', '-72.5189621', '3.50', '15.00', '2026-07-07 03:26:17'),
(428, 11, 10, '7.9351697', '-72.5189621', '3.50', '15.00', '2026-07-07 03:26:19'),
(429, 11, 10, '7.9351698', '-72.5189621', '3.50', '15.00', '2026-07-07 03:26:21'),
(430, 11, 10, '7.9351698', '-72.5189621', '0.00', '0.00', '2026-07-07 03:26:21'),
(431, 11, 10, '7.9351698', '-72.5189621', '3.50', '15.00', '2026-07-07 03:26:23'),
(432, 11, 10, '7.9351698', '-72.5189621', '3.50', '15.00', '2026-07-07 03:26:25'),
(433, 11, 10, '7.9351698', '-72.5189621', '0.00', '0.00', '2026-07-07 03:26:26'),
(434, 11, 10, '7.9351699', '-72.5189621', '3.50', '15.00', '2026-07-07 03:26:27'),
(435, 11, 10, '7.9351699', '-72.5189621', '3.50', '15.00', '2026-07-07 03:26:29'),
(436, 11, 10, '7.9351699', '-72.5189621', '3.50', '15.00', '2026-07-07 03:26:31'),
(437, 11, 10, '7.9351699', '-72.5189621', '0.00', '0.00', '2026-07-07 03:26:31'),
(438, 11, 10, '7.9351699', '-72.5189621', '3.50', '15.00', '2026-07-07 03:26:33'),
(439, 11, 10, '7.9351700', '-72.5189621', '3.50', '15.00', '2026-07-07 03:26:35'),
(440, 11, 10, '7.9351700', '-72.5189621', '0.00', '0.00', '2026-07-07 03:26:36'),
(441, 11, 10, '7.9351700', '-72.5189621', '3.50', '15.00', '2026-07-07 03:26:37'),
(442, 11, 10, '7.9351700', '-72.5189621', '3.50', '15.00', '2026-07-07 03:26:39'),
(443, 11, 10, '7.9351700', '-72.5189622', '3.50', '15.00', '2026-07-07 03:26:41'),
(444, 11, 10, '7.9351700', '-72.5189622', '0.00', '0.00', '2026-07-07 03:26:41'),
(445, 11, 10, '7.9351700', '-72.5189622', '3.50', '15.00', '2026-07-07 03:26:43'),
(446, 11, 10, '7.9351700', '-72.5189622', '3.50', '15.00', '2026-07-07 03:26:45'),
(447, 11, 10, '7.9351700', '-72.5189622', '0.00', '0.00', '2026-07-07 03:26:46'),
(448, 11, 10, '7.9351701', '-72.5189622', '3.50', '15.00', '2026-07-07 03:26:47'),
(449, 11, 10, '7.9351701', '-72.5189622', '3.50', '15.00', '2026-07-07 03:26:49'),
(450, 11, 10, '7.9351701', '-72.5189622', '3.50', '15.00', '2026-07-07 03:26:51'),
(451, 11, 10, '7.9351701', '-72.5189622', '0.00', '0.00', '2026-07-07 03:26:51'),
(452, 11, 10, '7.9351701', '-72.5189622', '3.50', '15.00', '2026-07-07 03:26:53'),
(453, 11, 10, '7.9351701', '-72.5189622', '3.50', '15.00', '2026-07-07 03:26:55'),
(454, 11, 10, '7.9351701', '-72.5189622', '0.00', '0.00', '2026-07-07 03:26:56'),
(455, 11, 10, '7.9351701', '-72.5189622', '3.50', '15.00', '2026-07-07 03:26:57'),
(456, 11, 10, '7.9351701', '-72.5189622', '3.50', '15.00', '2026-07-07 03:26:59'),
(457, 11, 10, '7.9351701', '-72.5189622', '3.50', '15.00', '2026-07-07 03:27:01'),
(458, 11, 10, '7.9351701', '-72.5189622', '0.00', '0.00', '2026-07-07 03:27:01'),
(459, 11, 10, '7.9351701', '-72.5189622', '3.50', '15.00', '2026-07-07 03:27:03'),
(460, 11, 10, '7.9351701', '-72.5189622', '3.50', '15.00', '2026-07-07 03:27:05'),
(461, 11, 10, '7.9351701', '-72.5189622', '0.00', '0.00', '2026-07-07 03:27:06'),
(462, 11, 10, '7.9351701', '-72.5189622', '3.50', '15.00', '2026-07-07 03:27:07'),
(463, 11, 10, '7.9351701', '-72.5189622', '3.50', '15.00', '2026-07-07 03:27:09'),
(464, 11, 10, '7.9351701', '-72.5189622', '3.50', '15.00', '2026-07-07 03:27:11'),
(465, 11, 10, '7.9351701', '-72.5189622', '0.00', '0.00', '2026-07-07 03:27:11'),
(466, 11, 10, '7.9351702', '-72.5189622', '3.50', '15.00', '2026-07-07 03:27:13'),
(467, 11, 10, '7.9351702', '-72.5189622', '3.50', '15.00', '2026-07-07 03:27:15'),
(468, 11, 10, '7.9351702', '-72.5189622', '0.00', '0.00', '2026-07-07 03:27:16'),
(469, 11, 10, '7.9351702', '-72.5189622', '3.50', '15.00', '2026-07-07 03:27:17'),
(470, 11, 10, '7.9351702', '-72.5189622', '3.50', '15.00', '2026-07-07 03:27:19'),
(471, 11, 10, '7.9351702', '-72.5189622', '3.50', '15.00', '2026-07-07 03:27:21'),
(472, 11, 10, '7.9351702', '-72.5189622', '0.00', '0.00', '2026-07-07 03:27:21'),
(473, 11, 10, '7.9351702', '-72.5189622', '3.50', '15.00', '2026-07-07 03:27:23'),
(474, 11, 10, '7.9351702', '-72.5189622', '3.50', '15.00', '2026-07-07 03:27:25'),
(475, 11, 10, '7.9351702', '-72.5189622', '0.00', '0.00', '2026-07-07 03:27:26'),
(476, 11, 10, '7.9351702', '-72.5189622', '3.50', '15.00', '2026-07-07 03:27:27'),
(477, 11, 10, '7.9351702', '-72.5189622', '3.50', '15.00', '2026-07-07 03:27:29'),
(478, 11, 10, '7.9351702', '-72.5189622', '3.50', '15.00', '2026-07-07 03:27:31'),
(479, 11, 10, '7.9351702', '-72.5189622', '0.00', '0.00', '2026-07-07 03:27:31'),
(480, 11, 10, '7.9351702', '-72.5189622', '3.50', '15.00', '2026-07-07 03:27:33'),
(481, 11, 10, '7.9351702', '-72.5189622', '3.50', '15.00', '2026-07-07 03:27:35'),
(482, 11, 10, '7.9351702', '-72.5189622', '0.00', '0.00', '2026-07-07 03:27:36'),
(483, 11, 10, '7.9351702', '-72.5189622', '3.50', '15.00', '2026-07-07 03:27:37'),
(484, 11, 10, '7.9351702', '-72.5189622', '3.50', '15.00', '2026-07-07 03:27:39'),
(485, 11, 10, '7.9351702', '-72.5189622', '3.50', '15.00', '2026-07-07 03:27:41'),
(486, 11, 10, '7.9351702', '-72.5189622', '0.00', '0.00', '2026-07-07 03:27:41'),
(487, 11, 10, '7.9351702', '-72.5189622', '3.50', '15.00', '2026-07-07 03:27:43'),
(488, 11, 10, '7.9351702', '-72.5189622', '3.50', '15.00', '2026-07-07 03:27:45'),
(489, 11, 10, '7.9351702', '-72.5189622', '0.00', '0.00', '2026-07-07 03:27:46'),
(490, 11, 9, '7.9351917', '-72.5189652', '0.00', '118.00', '2026-07-07 14:45:29'),
(491, 11, 9, '7.9351917', '-72.5189652', '0.00', '0.00', '2026-07-07 14:45:30'),
(492, 11, 9, '7.9351917', '-72.5189652', '0.00', '0.00', '2026-07-07 14:45:35'),
(493, 11, 9, '7.9353602', '-72.5189621', '0.00', '103.00', '2026-07-07 14:45:42'),
(494, 11, 9, '7.9353610', '-72.5189622', '0.00', '98.00', '2026-07-07 14:46:55'),
(495, 11, 9, '7.9353610', '-72.5189622', '0.00', '0.00', '2026-07-07 14:46:57'),
(496, 11, 9, '7.9353610', '-72.5189622', '0.00', '0.00', '2026-07-07 14:47:02'),
(497, 11, 11, '7.9352390', '-72.5192233', '0.00', '20.00', '2026-07-07 16:44:13'),
(498, 11, 11, '7.9352390', '-72.5192233', '0.00', '0.00', '2026-07-07 16:44:14'),
(499, 11, 11, '7.9350757', '-72.5189422', '0.00', '111.00', '2026-07-07 21:28:12'),
(500, 11, 11, '7.9350757', '-72.5189422', '0.00', '0.00', '2026-07-07 21:28:14'),
(501, 11, 11, '7.9350757', '-72.5189422', '0.00', '0.00', '2026-07-07 21:28:19'),
(502, 11, 11, '7.9350757', '-72.5189422', '0.00', '0.00', '2026-07-07 21:28:24'),
(503, 11, 11, '7.9352544', '-72.5189705', '0.00', '94.00', '2026-07-07 21:28:25'),
(504, 11, 11, '7.9352544', '-72.5189705', '0.00', '0.00', '2026-07-07 21:28:29'),
(505, 11, 11, '7.9352544', '-72.5189705', '0.00', '0.00', '2026-07-07 21:28:34'),
(506, 11, 11, '7.9353309', '-72.5189602', '0.00', '111.00', '2026-07-07 21:28:39'),
(507, 11, 11, '7.9353309', '-72.5189602', '0.00', '0.00', '2026-07-07 21:28:39'),
(508, 11, 11, '7.9353309', '-72.5189602', '0.00', '0.00', '2026-07-07 21:28:44'),
(509, 11, 11, '7.9353309', '-72.5189602', '0.00', '0.00', '2026-07-07 21:28:49'),
(510, 11, 11, '7.9353260', '-72.5189604', '0.00', '98.00', '2026-07-07 21:28:53'),
(511, 11, 11, '7.9353260', '-72.5189604', '0.00', '0.00', '2026-07-07 21:28:54'),
(512, 11, 11, '7.9353260', '-72.5189604', '0.00', '0.00', '2026-07-07 21:28:59'),
(513, 11, 11, '7.9353260', '-72.5189604', '0.00', '0.00', '2026-07-07 21:29:05'),
(514, 11, 11, '7.9353383', '-72.5189614', '0.00', '99.00', '2026-07-07 21:29:06'),
(515, 11, 11, '7.9353383', '-72.5189614', '0.00', '0.00', '2026-07-07 21:29:09'),
(516, 11, 11, '7.9353383', '-72.5189614', '0.00', '0.00', '2026-07-07 21:29:14'),
(517, 11, 11, '7.9353383', '-72.5189614', '0.00', '0.00', '2026-07-07 21:29:19'),
(518, 11, 11, '7.9353407', '-72.5189531', '0.00', '99.00', '2026-07-07 21:29:20'),
(519, 11, 11, '7.9353407', '-72.5189531', '0.00', '0.00', '2026-07-07 21:29:24'),
(520, 11, 11, '7.9353407', '-72.5189531', '0.00', '0.00', '2026-07-07 21:29:29'),
(521, 11, 11, '7.9353390', '-72.5189541', '0.00', '105.00', '2026-07-07 21:29:33'),
(522, 11, 11, '7.9353390', '-72.5189541', '0.00', '0.00', '2026-07-07 21:29:34'),
(523, 11, 11, '7.9353390', '-72.5189541', '0.00', '0.00', '2026-07-07 21:29:39'),
(524, 11, 11, '7.9353390', '-72.5189541', '0.00', '0.00', '2026-07-07 21:29:45'),
(525, 11, 11, '7.9353404', '-72.5189595', '0.00', '100.00', '2026-07-07 21:29:47'),
(526, 11, 11, '7.9353404', '-72.5189595', '0.00', '0.00', '2026-07-07 21:29:50'),
(527, 11, 11, '7.9353404', '-72.5189595', '0.00', '0.00', '2026-07-07 21:29:55'),
(528, 11, 11, '7.9353404', '-72.5189595', '0.00', '0.00', '2026-07-07 21:30:00'),
(529, 11, 11, '7.9353539', '-72.5189614', '0.00', '98.00', '2026-07-07 21:30:01'),
(530, 11, 11, '7.9353539', '-72.5189614', '0.00', '0.00', '2026-07-07 21:30:05'),
(531, 11, 11, '7.9353539', '-72.5189614', '0.00', '0.00', '2026-07-07 21:30:10'),
(532, 11, 11, '7.9351571', '-72.5189546', '0.00', '104.00', '2026-07-07 21:30:14'),
(533, 11, 11, '7.9351571', '-72.5189546', '0.00', '0.00', '2026-07-07 21:30:15'),
(534, 11, 11, '7.9351571', '-72.5189546', '0.00', '0.00', '2026-07-07 21:30:20'),
(535, 11, 11, '7.9351571', '-72.5189546', '0.00', '0.00', '2026-07-07 21:30:25'),
(536, 11, 11, '7.9353398', '-72.5189520', '0.00', '110.00', '2026-07-07 21:30:28'),
(537, 11, 11, '7.9353398', '-72.5189520', '0.00', '0.00', '2026-07-07 21:30:30'),
(538, 11, 11, '7.9353398', '-72.5189520', '0.00', '0.00', '2026-07-07 21:30:35'),
(539, 11, 11, '7.9353398', '-72.5189520', '0.00', '0.00', '2026-07-07 21:30:40'),
(540, 11, 11, '7.9353302', '-72.5189598', '0.00', '103.00', '2026-07-07 21:30:41'),
(541, 11, 11, '7.9353302', '-72.5189598', '0.00', '0.00', '2026-07-07 21:30:45'),
(542, 11, 11, '7.9353302', '-72.5189598', '0.00', '0.00', '2026-07-07 21:30:50'),
(543, 11, 11, '7.9353302', '-72.5189598', '0.00', '0.00', '2026-07-07 21:30:55'),
(544, 11, 11, '7.9353295', '-72.5189590', '0.00', '128.00', '2026-07-07 21:30:55'),
(545, 11, 11, '7.9353295', '-72.5189590', '0.00', '0.00', '2026-07-07 21:31:00'),
(546, 11, 11, '7.9353295', '-72.5189590', '0.00', '0.00', '2026-07-07 21:31:05'),
(547, 11, 11, '7.9353520', '-72.5189613', '0.00', '105.00', '2026-07-07 21:31:08'),
(548, 11, 11, '7.9353520', '-72.5189613', '0.00', '0.00', '2026-07-07 21:31:10'),
(549, 11, 11, '7.9353520', '-72.5189613', '0.00', '0.00', '2026-07-07 21:31:15'),
(550, 11, 11, '7.9353520', '-72.5189613', '0.00', '0.00', '2026-07-07 21:31:20'),
(551, 11, 11, '7.9351571', '-72.5189546', '0.00', '104.00', '2026-07-07 21:31:22'),
(552, 11, 11, '7.9351571', '-72.5189546', '0.00', '0.00', '2026-07-07 21:31:25'),
(553, 11, 11, '7.9353283', '-72.5189601', '0.00', '114.00', '2026-07-07 21:31:46'),
(554, 11, 11, '7.9353283', '-72.5189601', '0.00', '0.00', '2026-07-07 21:31:47'),
(555, 11, 11, '7.9353283', '-72.5189601', '0.00', '0.00', '2026-07-07 21:31:52'),
(556, 11, 11, '7.9352559', '-72.5189703', '0.00', '100.00', '2026-07-07 21:32:37'),
(557, 11, 11, '7.9352559', '-72.5189703', '0.00', '0.00', '2026-07-07 21:32:38'),
(558, 11, 11, '7.9352559', '-72.5189703', '0.00', '0.00', '2026-07-07 21:32:43'),
(559, 11, 11, '7.9352559', '-72.5189703', '0.00', '0.00', '2026-07-07 21:32:48'),
(560, 11, 11, '7.9353664', '-72.5189612', '0.00', '96.00', '2026-07-07 21:32:50'),
(561, 11, 11, '7.9353664', '-72.5189612', '0.00', '0.00', '2026-07-07 21:32:53'),
(562, 11, 11, '7.9353664', '-72.5189612', '0.00', '0.00', '2026-07-07 21:32:58'),
(563, 11, 11, '7.9353664', '-72.5189612', '0.00', '0.00', '2026-07-07 21:33:04'),
(564, 11, 11, '7.9353383', '-72.5189614', '0.00', '99.00', '2026-07-07 21:33:04'),
(565, 11, 11, '7.9353383', '-72.5189614', '0.00', '0.00', '2026-07-07 21:33:08'),
(566, 11, 11, '7.9353383', '-72.5189614', '0.00', '0.00', '2026-07-07 21:33:13'),
(567, 11, 11, '7.9353384', '-72.5189540', '0.00', '98.00', '2026-07-07 21:33:18'),
(568, 11, 11, '7.9353384', '-72.5189540', '0.00', '0.00', '2026-07-07 21:33:18'),
(569, 11, 11, '7.9353384', '-72.5189540', '0.00', '0.00', '2026-07-07 21:33:23'),
(570, 11, 11, '7.9353384', '-72.5189540', '0.00', '0.00', '2026-07-07 21:33:29'),
(571, 11, 11, '7.9353102', '-72.5189503', '0.00', '103.00', '2026-07-07 21:33:31'),
(572, 11, 11, '7.9353102', '-72.5189503', '0.00', '0.00', '2026-07-07 21:33:33'),
(573, 11, 11, '7.9353102', '-72.5189503', '0.00', '0.00', '2026-07-07 21:33:38'),
(574, 11, 11, '7.9353102', '-72.5189503', '0.00', '0.00', '2026-07-07 21:33:43'),
(575, 11, 11, '7.9353309', '-72.5189602', '0.00', '111.00', '2026-07-07 21:33:45'),
(576, 11, 11, '7.9353309', '-72.5189602', '0.00', '0.00', '2026-07-07 21:33:48'),
(577, 11, 11, '7.9353309', '-72.5189602', '0.00', '0.00', '2026-07-07 21:33:53'),
(578, 11, 15, '7.9352219', '-72.5189555', '0.00', '102.00', '2026-07-08 10:51:33'),
(579, 11, 15, '7.9352219', '-72.5189555', '0.00', '0.00', '2026-07-08 10:51:37'),
(580, 11, 15, '7.9352219', '-72.5189555', '0.00', '0.00', '2026-07-08 10:51:42'),
(581, 11, 15, '7.9352219', '-72.5189555', '0.00', '0.00', '2026-07-08 10:51:47'),
(582, 11, 15, '7.9352219', '-72.5189555', '0.00', '0.00', '2026-07-08 10:51:52'),
(583, 11, 16, '7.9351657', '-72.5189526', '0.00', '106.00', '2026-07-08 11:13:51'),
(584, 11, 16, '7.9351657', '-72.5189526', '0.00', '0.00', '2026-07-08 11:13:52'),
(585, 11, 16, '7.9351657', '-72.5189526', '0.00', '0.00', '2026-07-08 11:13:57'),
(586, 11, 16, '7.9351657', '-72.5189526', '0.00', '0.00', '2026-07-08 11:14:02'),
(587, 11, 16, '7.9353480', '-72.5189617', '0.00', '96.00', '2026-07-08 11:14:04'),
(588, 11, 16, '7.9353480', '-72.5189617', '0.00', '0.00', '2026-07-08 11:14:07'),
(589, 11, 16, '7.9353480', '-72.5189617', '0.00', '0.00', '2026-07-08 11:14:12'),
(590, 11, 16, '7.9353480', '-72.5189617', '0.00', '0.00', '2026-07-08 11:14:18'),
(591, 11, 16, '7.9353480', '-72.5189617', '0.00', '0.00', '2026-07-08 11:14:22'),
(592, 11, 16, '7.9353480', '-72.5189617', '0.00', '0.00', '2026-07-08 11:14:27'),
(593, 11, 16, '7.9353421', '-72.5189506', '0.00', '115.00', '2026-07-08 11:14:32'),
(594, 11, 16, '7.9353421', '-72.5189506', '0.00', '0.00', '2026-07-08 11:14:32'),
(595, 11, 16, '7.9353421', '-72.5189506', '0.00', '0.00', '2026-07-08 11:14:37'),
(596, 11, 16, '7.9353421', '-72.5189506', '0.00', '0.00', '2026-07-08 11:14:43'),
(597, 11, 16, '7.9353302', '-72.5189598', '0.00', '103.00', '2026-07-08 11:14:45'),
(598, 11, 16, '7.9353302', '-72.5189598', '0.00', '0.00', '2026-07-08 11:14:47'),
(599, 11, 16, '7.9353302', '-72.5189598', '0.00', '0.00', '2026-07-08 11:14:52'),
(600, 11, 16, '7.9353302', '-72.5189598', '0.00', '0.00', '2026-07-08 11:14:57'),
(601, 11, 16, '7.9353390', '-72.5189594', '0.00', '106.00', '2026-07-08 11:14:59'),
(602, 11, 16, '7.9353390', '-72.5189594', '0.00', '0.00', '2026-07-08 11:15:02'),
(603, 11, 16, '7.9353390', '-72.5189594', '0.00', '0.00', '2026-07-08 11:15:07'),
(604, 11, 16, '7.9351795', '-72.5189471', '0.00', '111.00', '2026-07-08 11:15:12'),
(605, 11, 16, '7.9351795', '-72.5189471', '0.00', '0.00', '2026-07-08 11:15:12'),
(606, 11, 16, '7.9351795', '-72.5189471', '0.00', '0.00', '2026-07-08 11:15:17'),
(607, 11, 16, '7.9351795', '-72.5189471', '0.00', '0.00', '2026-07-08 11:15:22'),
(608, 11, 16, '7.9353299', '-72.5189590', '0.00', '103.00', '2026-07-08 11:15:26'),
(609, 11, 16, '7.9353299', '-72.5189590', '0.00', '0.00', '2026-07-08 11:15:27'),
(610, 11, 16, '7.9353299', '-72.5189590', '0.00', '0.00', '2026-07-08 11:15:32'),
(611, 11, 16, '7.9353299', '-72.5189590', '0.00', '0.00', '2026-07-08 11:15:38'),
(612, 11, 16, '7.9353607', '-72.5189614', '0.00', '93.00', '2026-07-08 11:15:40'),
(613, 11, 16, '7.9353607', '-72.5189614', '0.00', '0.00', '2026-07-08 11:15:42'),
(614, 11, 16, '7.9353607', '-72.5189614', '0.00', '0.00', '2026-07-08 11:15:47'),
(615, 11, 16, '7.9353607', '-72.5189614', '0.00', '0.00', '2026-07-08 11:15:52'),
(616, 11, 16, '7.9353302', '-72.5189598', '0.00', '98.00', '2026-07-08 11:15:53'),
(617, 11, 16, '7.9353302', '-72.5189598', '0.00', '0.00', '2026-07-08 11:15:57'),
(618, 11, 16, '7.9353302', '-72.5189598', '0.00', '0.00', '2026-07-08 11:16:02'),
(619, 11, 16, '7.9353302', '-72.5189598', '0.00', '0.00', '2026-07-08 11:16:07'),
(620, 11, 16, '7.9353302', '-72.5189598', '0.00', '0.00', '2026-07-08 11:16:13'),
(621, 11, 16, '7.9353302', '-72.5189598', '0.00', '0.00', '2026-07-08 11:16:17'),
(622, 11, 16, '7.9352119', '-72.5189570', '0.00', '100.00', '2026-07-08 11:16:20'),
(623, 11, 16, '7.9352119', '-72.5189570', '0.00', '0.00', '2026-07-08 11:16:22'),
(624, 11, 16, '7.9352119', '-72.5189570', '0.00', '0.00', '2026-07-08 11:16:27');
INSERT INTO `historial_gps` (`id_historial`, `id_paseador`, `id_ruta`, `lat`, `lng`, `velocidad`, `precision_m`, `fecha_hora`) VALUES
(625, 11, 16, '7.9352119', '-72.5189570', '0.00', '0.00', '2026-07-08 11:16:33'),
(626, 11, 16, '7.9353415', '-72.5189525', '0.00', '106.00', '2026-07-08 11:16:34'),
(627, 11, 16, '7.9353415', '-72.5189525', '0.00', '0.00', '2026-07-08 11:16:37'),
(628, 11, 16, '7.9353415', '-72.5189525', '0.00', '0.00', '2026-07-08 11:16:42'),
(629, 11, 16, '7.9353415', '-72.5189525', '0.00', '0.00', '2026-07-08 11:16:47'),
(630, 11, 16, '7.9353301', '-72.5189598', '0.00', '110.00', '2026-07-08 11:16:47'),
(631, 11, 16, '7.9353301', '-72.5189598', '0.00', '0.00', '2026-07-08 11:16:52'),
(632, 11, 16, '7.9353301', '-72.5189598', '0.00', '0.00', '2026-07-08 11:16:57'),
(633, 11, 16, '7.9353315', '-72.5189590', '0.00', '108.00', '2026-07-08 11:17:01'),
(634, 11, 16, '7.9353315', '-72.5189590', '0.00', '0.00', '2026-07-08 11:17:02'),
(635, 11, 16, '7.9353315', '-72.5189590', '0.00', '0.00', '2026-07-08 11:17:07'),
(636, 11, 16, '7.9353315', '-72.5189590', '0.00', '0.00', '2026-07-08 11:17:12'),
(637, 11, 16, '7.9352290', '-72.5189580', '0.00', '92.00', '2026-07-08 11:17:15'),
(638, 11, 16, '7.9352290', '-72.5189580', '0.00', '0.00', '2026-07-08 11:17:17'),
(639, 11, 16, '7.9352290', '-72.5189580', '0.00', '0.00', '2026-07-08 11:17:22'),
(640, 11, 16, '7.9352290', '-72.5189580', '0.00', '0.00', '2026-07-08 11:17:28'),
(641, 11, 16, '7.9351927', '-72.5189560', '0.00', '100.00', '2026-07-08 11:17:28'),
(642, 11, 16, '7.9351927', '-72.5189560', '0.00', '0.00', '2026-07-08 11:17:32'),
(643, 11, 16, '7.9351927', '-72.5189560', '0.00', '0.00', '2026-07-08 11:17:37'),
(644, 11, 16, '7.9353255', '-72.5189600', '0.00', '99.00', '2026-07-08 11:17:42'),
(645, 11, 16, '7.9353255', '-72.5189600', '0.00', '0.00', '2026-07-08 11:17:42'),
(646, 11, 16, '7.9353255', '-72.5189600', '0.00', '0.00', '2026-07-08 11:17:47'),
(647, 11, 16, '7.9353255', '-72.5189600', '0.00', '0.00', '2026-07-08 11:17:52'),
(648, 11, 16, '7.9353255', '-72.5189600', '0.00', '0.00', '2026-07-08 11:17:57'),
(649, 11, 16, '7.9353255', '-72.5189600', '0.00', '0.00', '2026-07-08 11:18:02'),
(650, 11, 16, '7.9353255', '-72.5189600', '0.00', '0.00', '2026-07-08 11:18:08'),
(651, 11, 16, '7.9352213', '-72.5189526', '0.00', '98.00', '2026-07-08 12:00:18'),
(652, 11, 16, '7.9352213', '-72.5189526', '0.00', '0.00', '2026-07-08 12:00:20'),
(653, 11, 16, '7.9352213', '-72.5189526', '0.00', '0.00', '2026-07-08 12:00:25'),
(654, 11, 16, '7.9352213', '-72.5189526', '0.00', '0.00', '2026-07-08 12:00:30'),
(655, 11, 16, '7.9352627', '-72.5189590', '0.00', '93.00', '2026-07-08 12:00:32'),
(656, 11, 16, '7.9352627', '-72.5189590', '0.00', '0.00', '2026-07-08 12:00:35'),
(657, 11, 16, '7.9352627', '-72.5189590', '0.00', '0.00', '2026-07-08 12:00:40'),
(658, 11, 16, '7.9353299', '-72.5189600', '0.00', '110.00', '2026-07-08 14:06:53'),
(659, 11, 16, '7.9353299', '-72.5189600', '0.00', '0.00', '2026-07-08 14:06:55'),
(660, 11, 16, '7.9353299', '-72.5189600', '0.00', '0.00', '2026-07-08 14:07:00'),
(661, 11, 16, '7.9353299', '-72.5189600', '0.00', '0.00', '2026-07-08 14:07:05'),
(662, 11, 16, '7.9353292', '-72.5189598', '0.00', '103.00', '2026-07-08 14:07:07'),
(663, 11, 16, '7.9353292', '-72.5189598', '0.00', '0.00', '2026-07-08 14:07:10'),
(664, 11, 16, '7.9353292', '-72.5189598', '0.00', '0.00', '2026-07-08 14:07:15'),
(665, 11, 16, '7.9353292', '-72.5189598', '0.00', '0.00', '2026-07-08 14:07:20'),
(666, 11, 16, '7.9353292', '-72.5189598', '0.00', '0.00', '2026-07-08 14:07:25'),
(667, 11, 16, '7.9353292', '-72.5189598', '0.00', '0.00', '2026-07-08 14:07:30'),
(668, 11, 16, '7.9353292', '-72.5189598', '0.00', '0.00', '2026-07-08 14:07:35'),
(669, 11, 16, '7.9353292', '-72.5189598', '0.00', '0.00', '2026-07-08 14:07:40'),
(670, 11, 16, '7.9353292', '-72.5189598', '0.00', '0.00', '2026-07-08 14:07:45'),
(671, 11, 16, '7.9353292', '-72.5189598', '0.00', '0.00', '2026-07-08 14:07:50'),
(672, 11, 16, '7.9353292', '-72.5189598', '0.00', '0.00', '2026-07-08 14:07:55'),
(673, 11, 16, '7.9353292', '-72.5189598', '0.00', '0.00', '2026-07-08 14:08:00'),
(674, 11, 16, '7.9353292', '-72.5189598', '0.00', '0.00', '2026-07-08 14:08:05'),
(675, 11, 16, '7.9353292', '-72.5189598', '0.00', '0.00', '2026-07-08 14:08:10'),
(676, 11, 16, '7.9353599', '-72.5189622', '0.00', '99.00', '2026-07-08 14:08:15'),
(677, 11, 16, '7.9353599', '-72.5189622', '0.00', '0.00', '2026-07-08 14:08:15'),
(678, 11, 16, '7.9353599', '-72.5189622', '0.00', '0.00', '2026-07-08 14:08:20'),
(679, 11, 16, '7.9353599', '-72.5189622', '0.00', '0.00', '2026-07-08 14:08:25'),
(680, 11, 16, '7.9353283', '-72.5189601', '0.00', '114.00', '2026-07-08 14:08:28'),
(681, 11, 16, '7.9353283', '-72.5189601', '0.00', '0.00', '2026-07-08 14:08:30'),
(682, 11, 16, '7.9353283', '-72.5189601', '0.00', '0.00', '2026-07-08 14:08:35'),
(683, 11, 16, '7.9353283', '-72.5189601', '0.00', '0.00', '2026-07-08 14:08:40'),
(684, 11, 16, '7.9353424', '-72.5189610', '0.00', '102.00', '2026-07-08 14:08:42'),
(685, 11, 16, '7.9353424', '-72.5189610', '0.00', '0.00', '2026-07-08 14:08:45'),
(686, 11, 16, '7.9353424', '-72.5189610', '0.00', '0.00', '2026-07-08 14:08:50'),
(687, 11, 16, '7.9353424', '-72.5189610', '0.00', '0.00', '2026-07-08 14:08:55'),
(688, 11, 16, '7.9353302', '-72.5189598', '0.00', '103.00', '2026-07-08 14:08:56'),
(689, 11, 16, '7.9353302', '-72.5189598', '0.00', '0.00', '2026-07-08 14:09:00'),
(690, 11, 16, '7.9353302', '-72.5189598', '0.00', '0.00', '2026-07-08 14:09:05'),
(691, 11, 16, '7.9353302', '-72.5189598', '0.00', '0.00', '2026-07-08 14:09:10'),
(692, 11, 16, '7.9353302', '-72.5189598', '0.00', '0.00', '2026-07-08 14:09:15'),
(693, 11, 16, '7.9353302', '-72.5189598', '0.00', '0.00', '2026-07-08 14:09:20'),
(694, 11, 16, '7.9353302', '-72.5189598', '0.00', '0.00', '2026-07-08 14:09:25'),
(695, 11, 16, '7.9353380', '-72.5189615', '0.00', '105.00', '2026-07-08 14:09:28'),
(696, 11, 16, '7.9353380', '-72.5189615', '0.00', '0.00', '2026-07-08 14:09:31'),
(697, 11, 16, '7.9353380', '-72.5189615', '0.00', '0.00', '2026-07-08 14:09:35'),
(698, 11, 16, '7.9353380', '-72.5189615', '0.00', '0.00', '2026-07-08 14:09:40'),
(699, 11, 16, '7.9353380', '-72.5189615', '0.00', '0.00', '2026-07-08 14:09:45'),
(700, 11, 16, '7.9353380', '-72.5189615', '0.00', '0.00', '2026-07-08 14:09:50'),
(701, 11, 16, '7.9353380', '-72.5189615', '0.00', '0.00', '2026-07-08 14:09:55'),
(702, 11, 16, '7.9353380', '-72.5189615', '0.00', '0.00', '2026-07-08 14:10:00'),
(703, 11, 16, '7.9353380', '-72.5189615', '0.00', '0.00', '2026-07-08 14:10:05'),
(704, 11, 16, '7.9353380', '-72.5189615', '0.00', '0.00', '2026-07-08 14:10:10'),
(705, 11, 16, '7.9353380', '-72.5189615', '0.00', '0.00', '2026-07-08 14:10:15'),
(706, 11, 16, '7.9353380', '-72.5189615', '0.00', '0.00', '2026-07-08 14:10:20'),
(707, 11, 16, '7.9353380', '-72.5189615', '0.00', '0.00', '2026-07-08 14:10:25'),
(708, 11, 16, '7.9353380', '-72.5189615', '0.00', '0.00', '2026-07-08 14:10:30'),
(709, 11, 16, '7.9353380', '-72.5189615', '0.00', '0.00', '2026-07-08 14:10:51'),
(710, 11, 16, '7.9353380', '-72.5189615', '0.00', '0.00', '2026-07-08 14:11:51'),
(711, 11, 16, '7.9353380', '-72.5189615', '0.00', '0.00', '2026-07-08 14:12:51'),
(712, 11, 16, '7.9353380', '-72.5189615', '0.00', '0.00', '2026-07-08 14:13:51'),
(713, 11, 16, '7.9353380', '-72.5189615', '0.00', '0.00', '2026-07-08 14:14:51'),
(714, 11, 16, '7.9353380', '-72.5189615', '0.00', '0.00', '2026-07-08 14:15:51'),
(715, 11, 16, '7.9353380', '-72.5189615', '0.00', '0.00', '2026-07-08 14:16:51'),
(716, 11, 16, '7.9353380', '-72.5189615', '0.00', '0.00', '2026-07-08 14:17:51'),
(717, 11, 16, '7.9353380', '-72.5189615', '0.00', '0.00', '2026-07-08 14:18:51'),
(718, 11, 16, '7.9353380', '-72.5189615', '0.00', '0.00', '2026-07-08 14:19:51'),
(719, 11, 16, '7.9353380', '-72.5189615', '0.00', '0.00', '2026-07-08 14:20:39'),
(720, 11, 16, '7.9353380', '-72.5189615', '0.00', '0.00', '2026-07-08 14:20:40'),
(721, 11, 16, '7.9353282', '-72.5189602', '0.00', '111.00', '2026-07-08 14:20:43'),
(722, 11, 16, '7.9353282', '-72.5189602', '0.00', '0.00', '2026-07-08 14:20:45');

-- --------------------------------------------------------

--
-- Estructura de tabla para la tabla `info_usuario`
--

CREATE TABLE `info_usuario` (
  `id_info` int(11) NOT NULL,
  `id_usuario` int(11) NOT NULL,
  `biografia` text DEFAULT NULL,
  `cumpleanos` date DEFAULT NULL,
  `telefono` varchar(20) DEFAULT NULL,
  `direccion` varchar(255) DEFAULT NULL,
  `avatar_url` varchar(255) DEFAULT '../assets/default/avatar.png',
  `banner_url` varchar(255) DEFAULT '../assets/default/banner.png',
  `profesion` varchar(100) DEFAULT NULL
) ENGINE=InnoDB DEFAULT CHARSET=latin1 COLLATE=latin1_swedish_ci;

--
-- Volcado de datos para la tabla `info_usuario`
--

INSERT INTO `info_usuario` (`id_info`, `id_usuario`, `biografia`, `cumpleanos`, `telefono`, `direccion`, `avatar_url`, `banner_url`, `profesion`) VALUES
(2, 8, NULL, NULL, NULL, NULL, '../assets/uploads/avatar_user_8_1780405268.jpg', '../assets/uploads/banner_user_8_1780405268.gif', NULL),
(3, 11, '', NULL, NULL, '', '../assets/uploads/avatar_user_11_1780495723.png', '', ''),
(7, 9, '', NULL, NULL, '', 'assets/uploads/avatar_user_9_1782571716.gif', 'assets/uploads/banner_user_9_1782601073.webp', ''),
(8, 10, 'soy el cliente', '2005-06-29', '3224199155', 'cll 36 #7-22 la ermita', '../assets/uploads/avatar_user_10_1783029820.jpg', '../assets/uploads/banner_user_10_1783029820.jpg', 'desempleado'),
(10, 23, '', NULL, NULL, '', '', '', ''),
(11, 22, 'soy un paseseador mas', '2006-11-29', '3193720523', 'cll 36 #7-22 la ermita', '../assets/uploads/avatar_user_22_1783166940.jpeg', '../assets/uploads/banner_user_22_1783166940.jpg', 'paseador'),
(12, 24, '', NULL, NULL, '', '', '', '');

-- --------------------------------------------------------

--
-- Estructura de tabla para la tabla `mascota_usuario`
--

CREATE TABLE `mascota_usuario` (
  `id_mascota` int(11) NOT NULL,
  `id_usuario` int(11) NOT NULL,
  `nombre_mascota` varchar(100) NOT NULL,
  `raza` varchar(80) DEFAULT NULL,
  `edad` tinyint(3) UNSIGNED DEFAULT NULL,
  `avatar_mascota` varchar(255) DEFAULT '../assets/default/dog.png',
  `biografia_canina` text DEFAULT NULL,
  `enfermedades_discapacidades` text DEFAULT NULL,
  `fecha_registro` timestamp NOT NULL DEFAULT current_timestamp()
) ENGINE=InnoDB DEFAULT CHARSET=latin1 COLLATE=latin1_swedish_ci;

--
-- Volcado de datos para la tabla `mascota_usuario`
--

INSERT INTO `mascota_usuario` (`id_mascota`, `id_usuario`, `nombre_mascota`, `raza`, `edad`, `avatar_mascota`, `biografia_canina`, `enfermedades_discapacidades`, `fecha_registro`) VALUES
(1, 9, 'Max', NULL, NULL, 'assets/uploads/avatar_pet_9_1782477592.jpg', '', '', '2026-07-06 15:44:31'),
(7, 10, 'zeus', NULL, 3, '../assets/uploads/avatar_pet_10_1783029820.jpg', '', '', '2026-07-06 15:44:31'),
(9, 23, 'kiwi', NULL, NULL, '../assets/uploads/avatar_pet_23_1783102208.jpg', '', '', '2026-07-06 15:44:31'),
(10, 11, 'Messi', NULL, NULL, '../assets/uploads/avatar_pet_11_1783197572.png', '', '', '2026-07-06 15:44:31'),
(12, 24, 'basco', 'pastor australiano', 4, '../assets/uploads/avatar_pet_24_1783392107.jpg', 'era feliz', 'cancer', '2026-07-07 02:41:46'),
(13, 10, 'patroclo 2', 'chanda', 3, '../assets/uploads/avatar_pet_10_1783459431.jpg', 'era feliz', 'comer chocolate', '2026-07-07 21:23:50'),
(14, 10, 'salchicha', 'salchicha', 2, '../assets/uploads/avatar_pet_10_1783476672.jpg', 'es bajito', 'se cansa rapido', '2026-07-08 02:11:13'),
(15, 10, 'rogelio', 'pitbull', 6, '../assets/uploads/avatar_pet_10_1783519334.jpg', 'es fuerte', '', '2026-07-08 14:02:14');

-- --------------------------------------------------------

--
-- Estructura de tabla para la tabla `membresias`
--

CREATE TABLE `membresias` (
  `id_membresia` int(11) NOT NULL,
  `id_usuario` int(11) NOT NULL,
  `paseos` tinyint(1) NOT NULL DEFAULT 0,
  `adiestramiento` tinyint(1) NOT NULL DEFAULT 0,
  `hospedaje` tinyint(1) NOT NULL DEFAULT 0,
  `id_pago_paseos` int(11) DEFAULT NULL,
  `id_pago_adiestramiento` int(11) DEFAULT NULL,
  `id_pago_hospedaje` int(11) DEFAULT NULL,
  `fecha_inicio_paseos` datetime DEFAULT NULL,
  `fecha_inicio_adiestramiento` datetime DEFAULT NULL,
  `fecha_inicio_hospedaje` datetime DEFAULT NULL,
  `fecha_fin_paseos` datetime GENERATED ALWAYS AS (`fecha_inicio_paseos` + interval 30 day) VIRTUAL,
  `fecha_fin_adiestramiento` datetime GENERATED ALWAYS AS (`fecha_inicio_adiestramiento` + interval 30 day) VIRTUAL,
  `fecha_fin_hospedaje` datetime GENERATED ALWAYS AS (`fecha_inicio_hospedaje` + interval 30 day) VIRTUAL
) ENGINE=InnoDB DEFAULT CHARSET=utf8mb3 COLLATE=utf8mb3_unicode_ci;

--
-- Volcado de datos para la tabla `membresias`
--

INSERT INTO `membresias` (`id_membresia`, `id_usuario`, `paseos`, `adiestramiento`, `hospedaje`, `id_pago_paseos`, `id_pago_adiestramiento`, `id_pago_hospedaje`, `fecha_inicio_paseos`, `fecha_inicio_adiestramiento`, `fecha_inicio_hospedaje`) VALUES
(8, 11, 0, 0, 0, NULL, NULL, NULL, NULL, NULL, NULL),
(9, 9, 0, 0, 0, NULL, NULL, NULL, NULL, NULL, NULL),
(42, 21, 0, 0, 0, NULL, NULL, NULL, NULL, NULL, NULL),
(43, 8, 0, 0, 0, NULL, NULL, NULL, NULL, NULL, NULL),
(44, 10, 1, 0, 0, NULL, NULL, NULL, '2026-07-08 00:00:00', NULL, NULL),
(45, 16, 0, 0, 0, NULL, NULL, NULL, NULL, NULL, NULL),
(53, 17, 0, 0, 0, NULL, NULL, NULL, NULL, NULL, NULL),
(70, 22, 0, 0, 0, NULL, NULL, NULL, NULL, NULL, NULL),
(123, 23, 1, 0, 0, NULL, NULL, NULL, '2026-07-03 00:00:00', NULL, NULL),
(158, 24, 1, 0, 0, NULL, NULL, NULL, '2026-07-07 00:00:00', NULL, NULL);

-- --------------------------------------------------------

--
-- Estructura de tabla para la tabla `mensajes`
--

CREATE TABLE `mensajes` (
  `id_mensaje` int(11) NOT NULL,
  `id_conversacion` int(11) NOT NULL,
  `id_emisor` int(11) NOT NULL,
  `mensaje` text DEFAULT NULL,
  `ruta_imagen` varchar(255) DEFAULT NULL,
  `fecha_envio` timestamp NULL DEFAULT current_timestamp(),
  `leido` tinyint(1) NOT NULL DEFAULT 0
) ENGINE=InnoDB DEFAULT CHARSET=utf8mb4 COLLATE=utf8mb4_unicode_ci;

--
-- Volcado de datos para la tabla `mensajes`
--

INSERT INTO `mensajes` (`id_mensaje`, `id_conversacion`, `id_emisor`, `mensaje`, `ruta_imagen`, `fecha_envio`, `leido`) VALUES
(42, 1, 9, 'hola', NULL, '2026-06-12 01:53:21', 1),
(43, 1, 9, NULL, '../assets/uploads/chat/chat_1781264866_6a2bf1e277d17.png', '2026-06-12 11:47:46', 1),
(45, 1, 9, 'a', NULL, '2026-06-16 01:11:54', 1),
(46, 1, 9, 'a', NULL, '2026-06-16 01:11:54', 1),
(47, 1, 9, 'a', NULL, '2026-06-16 01:11:55', 1),
(48, 1, 9, 'a', NULL, '2026-06-16 01:11:56', 1),
(49, 1, 9, 'a', NULL, '2026-06-16 01:11:56', 1),
(50, 1, 9, 'a', NULL, '2026-06-16 01:12:00', 1),
(51, 1, 9, 'a', NULL, '2026-06-16 01:14:12', 1),
(52, 1, 9, NULL, '../assets/uploads/chat/chat_1781572459_6a30a36baf7d5.gif', '2026-06-16 01:14:19', 1),
(53, 1, 9, NULL, '../assets/uploads/chat/chat_1781572920_6a30a53820e61.gif', '2026-06-16 01:22:00', 1),
(54, 1, 9, 'a', NULL, '2026-06-16 01:22:34', 1),
(55, 1, 9, 'a', NULL, '2026-06-16 01:22:42', 1),
(56, 1, 9, NULL, '../assets/uploads/chat/chat_1781572974_6a30a56e8d860.png', '2026-06-16 01:22:54', 1),
(57, 1, 9, 'goty', NULL, '2026-06-16 01:36:25', 1),
(58, 1, 9, NULL, '../assets/uploads/chat/chat_1781573793_6a30a8a19a0f5.webp', '2026-06-16 01:36:33', 1),
(59, 1, 9, 'y', NULL, '2026-06-16 01:50:50', 1),
(60, 1, 9, NULL, '../assets/uploads/chat/chat_1781575556_6a30af84479a1.png', '2026-06-16 02:05:56', 1),
(74, 6, 8, 'ak', NULL, '2026-06-16 12:17:55', 1),
(81, 6, 8, 'albertp estuvo ahbalsndo solenrbuidvka jdfsanv', NULL, '2026-06-16 13:12:00', 1),
(82, 6, 9, 'g', NULL, '2026-06-16 13:19:59', 1),
(84, 1, 11, 'asassasasasas', NULL, '2026-06-19 11:37:46', 1),
(85, 1, 11, 'sasas', NULL, '2026-06-19 11:38:01', 1),
(86, 5, 8, 'hola', NULL, '2026-07-04 16:40:09', 1),
(87, 13, 8, 'hola como vas?', NULL, '2026-07-04 17:39:29', 1),
(88, 13, 22, 'bien bien', NULL, '2026-07-04 17:40:35', 1),
(89, 13, 22, 'holaaaa prueba 2', NULL, '2026-07-04 19:45:16', 1),
(90, 13, 22, 'holaa prueba 3', NULL, '2026-07-04 19:59:02', 1),
(91, 13, 8, 'a ver', NULL, '2026-07-04 19:59:36', 1),
(92, 13, 8, 'hola', NULL, '2026-07-04 20:18:24', 1),
(93, 13, 22, 'a', NULL, '2026-07-04 20:19:16', 1),
(94, 13, 22, '🤗', NULL, '2026-07-04 20:26:24', 1),
(95, 13, 22, NULL, 'chat_1783196793_6a496c7909d2b.jpg', '2026-07-04 20:26:32', 1),
(96, 13, 8, 'prueba 4', NULL, '2026-07-04 20:51:05', 1),
(97, 13, 8, NULL, 'chat_1783396418_6a4c784202a90.jpg', '2026-07-07 03:53:37', 1),
(98, 13, 22, 'hola', NULL, '2026-07-07 03:54:27', 1),
(99, 13, 8, 'Hola buenos dias', NULL, '2026-07-07 14:37:41', 1),
(100, 13, 8, 'Esto es una prueba de como se ve un mensaje largo en la conversación del chat', NULL, '2026-07-07 14:38:01', 1),
(101, 13, 8, '🙂🙂🙂🙂🙂🙂🙂🙂🙂🙂🙂🙂🙂🙂🙂🙂🙂🙂🙂🙂🙂🙂🙂🙂🙂🙂🙂🙂🙂🙂🙂🙂🙂🙂🙂🙂🙂🙂🙂🙂🙂ahora con emojis', NULL, '2026-07-07 14:38:35', 1),
(102, 13, 8, NULL, 'chat_1783435184_6a4d0fb093d2a.jpg', '2026-07-07 14:39:44', 1),
(103, 18, 10, 'hola mandame una foto del paseo', NULL, '2026-07-08 11:18:00', 1),
(104, 18, 22, 'bueno listo', NULL, '2026-07-08 11:18:36', 1),
(105, 18, 22, NULL, 'chat_1783509539_6a4e3223d3f5c.png', '2026-07-08 11:19:00', 1),
(106, 18, 22, 'ay esta feliz', NULL, '2026-07-08 11:19:33', 1),
(107, 18, 10, 'ohh que lindo si muchas gracias', NULL, '2026-07-08 11:19:48', 1);

-- --------------------------------------------------------

--
-- Estructura de tabla para la tabla `notificaciones`
--

CREATE TABLE `notificaciones` (
  `id_notificacion` int(11) NOT NULL,
  `id_usuario_destino` int(11) NOT NULL,
  `id_ruta` int(11) DEFAULT NULL,
  `tipo` enum('proximidad_recogida','proximidad_entrega','llegada_parada','sistema') NOT NULL,
  `mensaje` varchar(255) NOT NULL,
  `leida` tinyint(1) NOT NULL DEFAULT 0,
  `fecha_creacion` timestamp NOT NULL DEFAULT current_timestamp()
) ENGINE=InnoDB DEFAULT CHARSET=utf8mb4 COLLATE=utf8mb4_general_ci;

--
-- Volcado de datos para la tabla `notificaciones`
--

INSERT INTO `notificaciones` (`id_notificacion`, `id_usuario_destino`, `id_ruta`, `tipo`, `mensaje`, `leida`, `fecha_creacion`) VALUES
(1, 24, 10, 'proximidad_recogida', 'El paseador llegará en aproximadamente 3 minutos.', 0, '2026-07-07 03:22:53'),
(2, 24, 10, 'llegada_parada', 'Se completó la parada de tu mascota.', 0, '2026-07-07 03:26:44'),
(3, 24, 10, 'proximidad_entrega', 'El paseador está próximo a entregar a tu mascota.', 0, '2026-07-07 03:26:45'),
(4, 24, 10, 'proximidad_entrega', 'El paseador está próximo a entregar a tu mascota.', 0, '2026-07-07 03:27:46'),
(5, 24, 11, 'proximidad_recogida', 'El paseador llegará en aproximadamente 1 minutos.', 0, '2026-07-07 16:44:13'),
(6, 24, 11, 'sistema', 'El paseo de hoy de basco fue cancelado. Motivo: No me entregaron al perro. El paseador puede darte más detalles por el chat.', 0, '2026-07-07 16:45:10'),
(7, 10, 11, 'llegada_parada', 'El paseador recogió a patroclo 2. ¡El paseo está por comenzar!', 0, '2026-07-07 21:28:23'),
(8, 24, 11, 'llegada_parada', 'El paseador recogió a basco. ¡El paseo está por comenzar!', 0, '2026-07-07 21:28:45'),
(9, 24, 11, 'llegada_parada', 'Se completó la parada de tu mascota.', 0, '2026-07-07 21:30:03'),
(10, 10, 16, 'llegada_parada', 'El paseador recogió a salchicha. ¡El paseo está por comenzar!', 0, '2026-07-08 11:14:06'),
(11, 23, 16, 'proximidad_recogida', 'El paseador llegará en aproximadamente 1 minutos.', 0, '2026-07-08 11:14:07'),
(12, 10, 16, 'sistema', 'El paseo de hoy de salchicha fue cancelado. Motivo: El perro está enfermo. El paseador puede darte más detalles por el chat.', 0, '2026-07-08 11:21:02'),
(13, 10, 16, 'llegada_parada', 'El paseador recogió a salchicha. ¡El paseo está por comenzar!', 0, '2026-07-08 11:21:23'),
(14, 10, 16, 'sistema', 'El paseo de hoy de salchicha fue cancelado. Motivo: El perro está enfermo. El paseador puede darte más detalles por el chat.', 0, '2026-07-08 11:22:10'),
(15, 10, 16, 'llegada_parada', 'El paseador recogió a salchicha. ¡El paseo está por comenzar!', 0, '2026-07-08 11:26:35'),
(16, 23, 16, 'sistema', 'El paseo de hoy de kiwi fue cancelado. Motivo: Está lloviendo. El paseador puede darte más detalles por el chat.', 0, '2026-07-08 11:27:51'),
(17, 24, 16, 'proximidad_recogida', 'El paseador llegará en aproximadamente 1 minutos.', 0, '2026-07-08 12:00:18'),
(18, 10, 16, 'llegada_parada', 'El paseador recogió a salchicha. ¡El paseo está por comenzar!', 0, '2026-07-08 13:28:56'),
(19, 10, 16, 'sistema', 'El paseo de hoy de salchicha fue cancelado. Motivo: El perro está enfermo. El paseador puede darte más detalles por el chat.', 0, '2026-07-08 13:29:24'),
(20, 10, 16, 'llegada_parada', 'El paseador recogió a rogelio. ¡El paseo está por comenzar!', 0, '2026-07-08 14:07:11'),
(21, 10, 16, 'sistema', 'rogelio fue entregado. ¡Gracias por confiar en Paseo Feliz!', 0, '2026-07-08 14:08:25');

-- --------------------------------------------------------

--
-- Estructura de tabla para la tabla `pagos`
--

CREATE TABLE `pagos` (
  `id_pago` int(11) NOT NULL,
  `id_pedido` int(11) DEFAULT NULL,
  `id_usuario` int(11) NOT NULL,
  `tipo_membresia` enum('paseos','adiestramiento','hospedaje') DEFAULT NULL,
  `metodo` enum('tarjeta','pse','nequi') DEFAULT NULL,
  `metodo_pago` varchar(50) DEFAULT 'manual',
  `monto` decimal(10,2) NOT NULL,
  `estado` enum('aprobado','rechazado','pendiente') NOT NULL DEFAULT 'pendiente',
  `referencia` varchar(40) DEFAULT NULL COMMENT 'Referencia de transacción (simulada mientras no haya pasarela)',
  `titular` varchar(100) DEFAULT NULL,
  `ultimos4` char(4) DEFAULT NULL,
  `cuotas` tinyint(3) DEFAULT NULL,
  `banco` varchar(60) DEFAULT NULL COMMENT 'Solo PSE',
  `tipo_persona` enum('natural','juridica') DEFAULT NULL COMMENT 'Solo PSE',
  `documento` varchar(20) DEFAULT NULL COMMENT 'Solo PSE',
  `email_confirmacion` varchar(100) DEFAULT NULL COMMENT 'Solo PSE',
  `fact_usar_perfil` tinyint(1) NOT NULL DEFAULT 1,
  `fact_pais` varchar(60) DEFAULT NULL,
  `fact_ciudad` varchar(60) DEFAULT NULL,
  `fact_departamento` varchar(60) DEFAULT NULL,
  `fact_direccion` varchar(255) DEFAULT NULL,
  `fact_complemento` varchar(100) DEFAULT NULL,
  `fact_codigo_postal` varchar(12) DEFAULT NULL,
  `fecha_pago` timestamp NOT NULL DEFAULT current_timestamp()
) ENGINE=InnoDB DEFAULT CHARSET=utf8mb4 COLLATE=utf8mb4_general_ci;

--
-- Volcado de datos para la tabla `pagos`
--

INSERT INTO `pagos` (`id_pago`, `id_pedido`, `id_usuario`, `tipo_membresia`, `metodo`, `metodo_pago`, `monto`, `estado`, `referencia`, `titular`, `ultimos4`, `cuotas`, `banco`, `tipo_persona`, `documento`, `email_confirmacion`, `fact_usar_perfil`, `fact_pais`, `fact_ciudad`, `fact_departamento`, `fact_direccion`, `fact_complemento`, `fact_codigo_postal`, `fecha_pago`) VALUES
(1, 1, 10, NULL, 'pse', 'manual', '205200.00', 'aprobado', 'PF-SIM-87D7B90B6B', 'Maikol Holguin', NULL, NULL, 'Bancolombia', 'natural', '1092941961', 'maikolholguin75@gmail.com', 1, NULL, NULL, NULL, NULL, NULL, NULL, '2026-07-03 07:43:18'),
(2, 2, 23, NULL, 'pse', 'manual', '205200.00', 'aprobado', 'PF-SIM-BE83E50CB3', 'maikol cliente 1', NULL, NULL, 'Bancolombia', 'natural', '1092941961', 'maikolholguin25@gmail.com', 1, NULL, NULL, NULL, NULL, NULL, NULL, '2026-07-03 18:14:15'),
(3, 3, 24, NULL, 'pse', 'manual', '205200.00', 'aprobado', 'PF-SIM-C038D8C136', 'maikol cliente 2', NULL, NULL, 'Banco Popular', 'natural', '215032021', 'maikolwilfredo74@gmail.com', 1, NULL, NULL, NULL, NULL, NULL, NULL, '2026-07-07 02:51:50'),
(6, 6, 10, NULL, 'pse', 'manual', '205200.00', 'aprobado', 'PF-SIM-53F662BB5A', 'Maikol Holguin', NULL, NULL, 'Davivienda', 'natural', '651526222', 'maikolholguin75@gmail.com', 1, NULL, NULL, NULL, NULL, NULL, NULL, '2026-07-07 21:24:26'),
(7, 7, 10, NULL, 'pse', 'manual', '139680.00', 'aprobado', 'PF-SIM-E35C64C639', 'Maikol Holguin', NULL, NULL, 'Banco de Occidente', 'natural', '1004809075', 'maikolholguin75@gmail.com', 1, NULL, NULL, NULL, NULL, NULL, NULL, '2026-07-08 10:59:51'),
(8, 8, 10, NULL, 'pse', 'manual', '72000.00', 'aprobado', 'PF-SIM-271F021515', 'Maikol Holguin', NULL, NULL, 'Davivienda', 'natural', '7894562', 'maikolholguin75@gmail.com', 1, NULL, NULL, NULL, NULL, NULL, NULL, '2026-07-08 14:05:13');

-- --------------------------------------------------------

--
-- Estructura de tabla para la tabla `paseadores`
--

CREATE TABLE `paseadores` (
  `id_paseador` int(11) NOT NULL,
  `id_usuario` int(11) NOT NULL,
  `correo` varchar(100) NOT NULL,
  `puntuacion` decimal(3,1) NOT NULL DEFAULT 0.0 COMMENT 'Ingresada manualmente por admin',
  `hora_inicio` time DEFAULT NULL COMMENT 'Inicio del horario de trabajo',
  `hora_fin` time DEFAULT NULL COMMENT 'Fin del horario de trabajo',
  `zona_trabajo` varchar(255) DEFAULT NULL COMMENT 'Zona/área de trabajo',
  `paseos_mes` int(11) NOT NULL DEFAULT 0 COMMENT 'Se reinicia cada 30 días',
  `paseos_totales` int(11) NOT NULL DEFAULT 0 COMMENT 'Acumulado histórico',
  `fecha_reset_mes` date DEFAULT NULL COMMENT 'Fecha del último reinicio de paseos_mes'
) ENGINE=InnoDB DEFAULT CHARSET=latin1 COLLATE=latin1_swedish_ci;

--
-- Volcado de datos para la tabla `paseadores`
--

INSERT INTO `paseadores` (`id_paseador`, `id_usuario`, `correo`, `puntuacion`, `hora_inicio`, `hora_fin`, `zona_trabajo`, `paseos_mes`, `paseos_totales`, `fecha_reset_mes`) VALUES
(6, 16, 'paseador001@gmail.com', '0.0', NULL, NULL, NULL, 0, 0, '2026-07-02'),
(7, 17, 'paseador123@gmail.com', '0.0', NULL, NULL, NULL, 0, 0, '2026-07-02'),
(11, 22, 'maikolholguin73@gmail.com', '5.0', NULL, NULL, NULL, 0, 0, '2026-07-02');

-- --------------------------------------------------------

--
-- Estructura de tabla para la tabla `paseos_dia`
--

CREATE TABLE `paseos_dia` (
  `id_paseo_dia` int(11) NOT NULL,
  `fecha` date NOT NULL,
  `id_pedido` int(11) NOT NULL,
  `id_paseador` int(11) NOT NULL,
  `estado` enum('pendiente','recogido','en_paseo','entregado','cancelado') NOT NULL DEFAULT 'pendiente',
  `motivo_cancelacion` varchar(120) DEFAULT NULL,
  `hora_recogida` datetime DEFAULT NULL,
  `hora_cancelacion` datetime DEFAULT NULL,
  `fecha_actualizacion` timestamp NOT NULL DEFAULT current_timestamp() ON UPDATE current_timestamp()
) ENGINE=InnoDB DEFAULT CHARSET=utf8mb4 COLLATE=utf8mb4_general_ci;

--
-- Volcado de datos para la tabla `paseos_dia`
--

INSERT INTO `paseos_dia` (`id_paseo_dia`, `fecha`, `id_pedido`, `id_paseador`, `estado`, `motivo_cancelacion`, `hora_recogida`, `hora_cancelacion`, `fecha_actualizacion`) VALUES
(1, '2026-07-07', 3, 11, 'en_paseo', NULL, '2026-07-07 14:28:45', NULL, '2026-07-07 21:29:06'),
(2, '2026-07-07', 6, 11, 'en_paseo', NULL, '2026-07-07 14:28:23', NULL, '2026-07-07 21:29:06'),
(5, '2026-07-08', 7, 11, 'recogido', NULL, '2026-07-08 04:26:35', NULL, '2026-07-08 11:26:35'),
(12, '2026-07-08', 2, 11, 'cancelado', 'Está lloviendo', NULL, '2026-07-08 04:27:51', '2026-07-08 11:27:51');

-- --------------------------------------------------------

--
-- Estructura de tabla para la tabla `pedidos_paseo`
--

CREATE TABLE `pedidos_paseo` (
  `id_pedido` int(11) NOT NULL,
  `id_usuario` int(11) NOT NULL,
  `id_mascota` int(11) NOT NULL,
  `id_plan` int(11) NOT NULL,
  `modalidad` enum('individual','grupal') NOT NULL DEFAULT 'grupal',
  `duracion_min` int(11) NOT NULL DEFAULT 60,
  `dias_preferidos` varchar(60) DEFAULT NULL COMMENT 'CSV: lun,mie,vie',
  `franja_horaria` varchar(40) DEFAULT NULL,
  `fecha_inicio` date NOT NULL,
  `comportamiento` varchar(30) DEFAULT NULL COMMENT 'sociable|timido|reactivo|no_sociable',
  `observaciones` text DEFAULT NULL,
  `direccion` varchar(255) NOT NULL,
  `barrio` varchar(100) DEFAULT NULL,
  `referencia` varchar(255) DEFAULT NULL,
  `instrucciones` varchar(255) DEFAULT NULL,
  `lat` decimal(10,7) NOT NULL,
  `lng` decimal(10,7) NOT NULL,
  `ubicacion_validada` tinyint(1) NOT NULL DEFAULT 0,
  `subtotal` decimal(10,2) NOT NULL DEFAULT 0.00,
  `descuento` decimal(10,2) NOT NULL DEFAULT 0.00,
  `total` decimal(10,2) NOT NULL DEFAULT 0.00,
  `metodo_pago` enum('tarjeta','pse','nequi') DEFAULT NULL,
  `estado` enum('pendiente_pago','pago_fallido','pagado','listo_para_asignar','en_validacion','cancelado') NOT NULL DEFAULT 'pendiente_pago',
  `fecha_creacion` timestamp NOT NULL DEFAULT current_timestamp(),
  `fecha_actualizacion` timestamp NOT NULL DEFAULT current_timestamp() ON UPDATE current_timestamp()
) ENGINE=InnoDB DEFAULT CHARSET=utf8mb4 COLLATE=utf8mb4_general_ci;

--
-- Volcado de datos para la tabla `pedidos_paseo`
--

INSERT INTO `pedidos_paseo` (`id_pedido`, `id_usuario`, `id_mascota`, `id_plan`, `modalidad`, `duracion_min`, `dias_preferidos`, `franja_horaria`, `fecha_inicio`, `comportamiento`, `observaciones`, `direccion`, `barrio`, `referencia`, `instrucciones`, `lat`, `lng`, `ubicacion_validada`, `subtotal`, `descuento`, `total`, `metodo_pago`, `estado`, `fecha_creacion`, `fecha_actualizacion`) VALUES
(1, 10, 7, 3, 'grupal', 60, 'lun,mie,vie', '8:00 a.m. – 11:00 a.m.', '2026-07-03', 'sociable', '', 'cll 36 #7-22 la ermita', '', '', '', '7.9352063', '-72.5189519', 1, '216000.00', '10800.00', '205200.00', 'pse', 'listo_para_asignar', '2026-07-03 07:43:18', '2026-07-03 07:43:18'),
(2, 23, 9, 3, 'grupal', 60, 'lun,mie,vie', '8:00 a.m. – 11:00 a.m.', '2026-07-03', 'sociable', '', 'ermita', '', '', '', '7.9353611', '-72.5189622', 1, '216000.00', '10800.00', '205200.00', 'pse', 'listo_para_asignar', '2026-07-03 18:14:15', '2026-07-03 18:14:15'),
(3, 24, 12, 3, 'grupal', 30, 'mar,jue', '2:00 p.m. – 5:00 p.m.', '2026-07-07', 'reactivo', 'le salio otra pepa del cancer', 'la floresta #52-45', '', '', '', '7.9351702', '-72.5189622', 1, '216000.00', '10800.00', '205200.00', 'pse', 'listo_para_asignar', '2026-07-07 02:51:50', '2026-07-07 02:51:50'),
(6, 10, 13, 3, 'grupal', 60, 'lun,mie,vie', '8:00 a.m. – 11:00 a.m.', '2026-07-07', 'sociable', '', 'cll 36 #7-22 la ermita', '', '', '', '7.9352063', '-72.5189519', 1, '216000.00', '10800.00', '205200.00', 'pse', 'listo_para_asignar', '2026-07-07 21:24:26', '2026-07-07 21:24:26'),
(7, 10, 14, 2, 'individual', 45, 'lun,mie,vie', '6:00 a.m. – 8:00 a.m.', '2026-07-08', 'sociable', '', 'cll 21 #3-22 ospina perez', 'ospina perez', '', '', '7.9243615', '-72.5189636', 1, '144000.00', '4320.00', '139680.00', 'pse', 'listo_para_asignar', '2026-07-08 10:59:51', '2026-07-08 10:59:51'),
(8, 10, 15, 1, 'individual', 30, 'lun,mie,jue,vie', '8:00 a.m. – 11:00 a.m.', '2026-07-08', 'no_sociable', '', 'av5 calle 12', 'ospina perez', '', '', '7.9216570', '-72.5239221', 1, '72000.00', '0.00', '72000.00', 'pse', 'listo_para_asignar', '2026-07-08 14:05:13', '2026-07-08 14:05:13');

-- --------------------------------------------------------

--
-- Estructura de tabla para la tabla `planes_paseos`
--

CREATE TABLE `planes_paseos` (
  `id_plan` int(11) NOT NULL,
  `nombre` varchar(60) NOT NULL,
  `paseos_mes` int(11) NOT NULL,
  `precio_paseo` decimal(10,2) NOT NULL,
  `descuento_pct` tinyint(3) NOT NULL DEFAULT 0 COMMENT 'Porcentaje de descuento del plan',
  `activo` tinyint(1) NOT NULL DEFAULT 1
) ENGINE=InnoDB DEFAULT CHARSET=utf8mb4 COLLATE=utf8mb4_general_ci;

--
-- Volcado de datos para la tabla `planes_paseos`
--

INSERT INTO `planes_paseos` (`id_plan`, `nombre`, `paseos_mes`, `precio_paseo`, `descuento_pct`, `activo`) VALUES
(1, '4 paseos al mes', 4, '18000.00', 0, 1),
(2, '8 paseos al mes', 8, '18000.00', 3, 1),
(3, '12 paseos al mes', 12, '18000.00', 5, 1);

-- --------------------------------------------------------

--
-- Estructura de tabla para la tabla `rutas`
--

CREATE TABLE `rutas` (
  `id_ruta` int(11) NOT NULL,
  `id_admin_creador` int(11) NOT NULL,
  `id_paseador` int(11) NOT NULL,
  `id_estado` int(11) NOT NULL DEFAULT 1,
  `fecha_paseo` date NOT NULL,
  `hora_inicio` time NOT NULL,
  `distancia_estimada_km` decimal(6,2) DEFAULT 0.00,
  `duracion_estimada_min` int(11) DEFAULT 0,
  `fecha_inicio_real` datetime DEFAULT NULL,
  `fecha_fin_real` datetime DEFAULT NULL,
  `fecha_creacion` timestamp NOT NULL DEFAULT current_timestamp(),
  `activa_key` varchar(30) GENERATED ALWAYS AS (case when `id_estado` in (1,2,3) then concat(`id_paseador`,'-',`fecha_paseo`) else NULL end) STORED
) ENGINE=InnoDB DEFAULT CHARSET=utf8mb4 COLLATE=utf8mb4_general_ci;

--
-- Volcado de datos para la tabla `rutas`
--

INSERT INTO `rutas` (`id_ruta`, `id_admin_creador`, `id_paseador`, `id_estado`, `fecha_paseo`, `hora_inicio`, `distancia_estimada_km`, `duracion_estimada_min`, `fecha_inicio_real`, `fecha_fin_real`, `fecha_creacion`) VALUES
(6, 8, 11, 2, '2026-07-03', '21:35:00', '0.46', 6, '2026-07-03 00:45:30', NULL, '2026-07-03 02:32:54'),
(7, 8, 11, 4, '2026-07-03', '08:00:00', '0.69', 8, '2026-07-03 02:12:02', '2026-07-03 02:12:32', '2026-07-03 07:47:05'),
(8, 8, 11, 5, '2026-07-03', '08:00:00', '1.19', 14, '2026-07-03 11:24:52', NULL, '2026-07-03 18:21:22'),
(9, 8, 11, 4, '2026-07-07', '08:00:00', '0.40', 5, '2026-07-07 07:45:25', '2026-07-07 07:47:05', '2026-07-07 03:11:39'),
(10, 22, 11, 4, '2026-07-06', '23:21:40', '0.01', 10, '2026-07-06 20:21:41', '2026-07-06 20:27:47', '2026-07-07 03:21:39'),
(11, 8, 11, 2, '2026-07-07', '08:00:00', '0.00', 0, '2026-07-07 09:44:09', NULL, '2026-07-07 03:46:46'),
(12, 8, 6, 1, '2026-07-07', '08:00:00', '1.06', 13, NULL, NULL, '2026-07-07 14:41:53'),
(13, 8, 11, 5, '2026-07-07', '08:00:00', '0.00', 0, NULL, NULL, '2026-07-07 21:34:58'),
(14, 8, 11, 5, '2026-07-07', '16:37:00', '0.00', 0, NULL, NULL, '2026-07-07 21:36:15'),
(15, 8, 11, 4, '2026-07-08', '06:00:00', '0.37', 4, '2026-07-08 03:51:27', '2026-07-08 03:51:53', '2026-07-08 10:50:34'),
(16, 22, 11, 2, '2026-07-08', '07:13:45', '10.33', 124, '2026-07-08 04:13:47', NULL, '2026-07-08 11:13:45');

-- --------------------------------------------------------

--
-- Estructura de tabla para la tabla `ruta_clientes`
--

CREATE TABLE `ruta_clientes` (
  `id_ruta_cliente` int(11) NOT NULL,
  `id_ruta` int(11) NOT NULL,
  `id_usuario_cliente` int(11) NOT NULL,
  `id_mascota` int(11) NOT NULL
) ENGINE=InnoDB DEFAULT CHARSET=utf8mb4 COLLATE=utf8mb4_general_ci;

--
-- Volcado de datos para la tabla `ruta_clientes`
--

INSERT INTO `ruta_clientes` (`id_ruta_cliente`, `id_ruta`, `id_usuario_cliente`, `id_mascota`) VALUES
(1, 10, 24, 12),
(2, 11, 24, 12),
(8, 11, 10, 13),
(9, 16, 24, 12),
(10, 16, 10, 14),
(11, 16, 23, 9),
(13, 16, 10, 15);

-- --------------------------------------------------------

--
-- Estructura de tabla para la tabla `ruta_paradas`
--

CREATE TABLE `ruta_paradas` (
  `id_parada` int(11) NOT NULL,
  `id_ruta` int(11) NOT NULL,
  `orden` tinyint(2) NOT NULL,
  `etiqueta` varchar(2) NOT NULL,
  `hora_estimada` time DEFAULT NULL COMMENT 'ETA de esta parada',
  `tipo` enum('recogida','paseo','entrega') NOT NULL DEFAULT 'paseo',
  `direccion` varchar(255) NOT NULL,
  `lat` decimal(10,7) NOT NULL,
  `lng` decimal(10,7) NOT NULL,
  `id_usuario_cliente` int(11) DEFAULT NULL,
  `id_mascota` int(11) DEFAULT NULL,
  `id_pedido` int(11) DEFAULT NULL COMMENT 'pedidos_paseo.id_pedido de origen',
  `id_estado` int(11) NOT NULL DEFAULT 1,
  `hora_llegada` datetime DEFAULT NULL,
  `hora_completado` datetime DEFAULT NULL,
  `hora_recogida` datetime DEFAULT NULL COMMENT 'Confirmación manual de recogida',
  `hora_entrega` datetime DEFAULT NULL COMMENT 'Confirmación manual de entrega',
  `hora_cancelacion` datetime DEFAULT NULL,
  `motivo_cancelacion` varchar(120) DEFAULT NULL
) ENGINE=InnoDB DEFAULT CHARSET=utf8mb4 COLLATE=utf8mb4_general_ci;

--
-- Volcado de datos para la tabla `ruta_paradas`
--

INSERT INTO `ruta_paradas` (`id_parada`, `id_ruta`, `orden`, `etiqueta`, `hora_estimada`, `tipo`, `direccion`, `lat`, `lng`, `id_usuario_cliente`, `id_mascota`, `id_pedido`, `id_estado`, `hora_llegada`, `hora_completado`, `hora_recogida`, `hora_entrega`, `hora_cancelacion`, `motivo_cancelacion`) VALUES
(1, 6, 0, 'A', NULL, 'recogida', 'Punto seleccionado en mapa', '7.8974849', '-72.5049591', NULL, NULL, NULL, 1, NULL, NULL, NULL, NULL, NULL, NULL),
(2, 6, 1, 'B', NULL, 'entrega', 'Punto seleccionado en mapa', '7.9014784', '-72.5038433', NULL, NULL, NULL, 1, NULL, NULL, NULL, NULL, NULL, NULL),
(3, 7, 0, 'A', NULL, 'recogida', 'Punto seleccionado en mapa', '7.9261218', '-72.5173187', NULL, NULL, NULL, 3, '2026-07-03 02:12:28', '2026-07-03 02:12:28', NULL, NULL, NULL, NULL),
(4, 7, 1, 'B', NULL, 'entrega', 'Punto seleccionado en mapa', '7.9206781', '-72.5204086', NULL, NULL, NULL, 3, '2026-07-03 02:12:32', '2026-07-03 02:12:32', NULL, NULL, NULL, NULL),
(5, 8, 0, 'A', NULL, 'recogida', 'Punto seleccionado en mapa', '7.8883103', '-72.5030708', NULL, NULL, NULL, 1, NULL, NULL, NULL, NULL, NULL, NULL),
(6, 8, 1, 'B', NULL, 'paseo', 'Punto seleccionado en mapa', '7.8839768', '-72.5064182', NULL, NULL, NULL, 1, NULL, NULL, NULL, NULL, NULL, NULL),
(7, 8, 2, 'C', NULL, 'entrega', 'Punto seleccionado en mapa', '7.8889051', '-72.5081348', NULL, NULL, NULL, 1, NULL, NULL, NULL, NULL, NULL, NULL),
(8, 9, 0, 'A', NULL, 'recogida', 'Punto seleccionado en mapa', '7.9006630', '-72.5040579', NULL, NULL, NULL, 3, '2026-07-07 07:46:55', '2026-07-07 07:46:55', NULL, NULL, NULL, NULL),
(9, 9, 1, 'B', NULL, 'entrega', 'Punto seleccionado en mapa', '7.9039786', '-72.5027275', NULL, NULL, NULL, 3, '2026-07-07 07:47:04', '2026-07-07 07:47:04', NULL, NULL, NULL, NULL),
(10, 10, 0, 'A', NULL, 'recogida', 'la floresta #52-45', '7.9351702', '-72.5189622', 24, 12, 3, 3, '2026-07-06 20:23:41', '2026-07-06 20:26:44', NULL, NULL, NULL, NULL),
(11, 10, 1, 'B', NULL, 'entrega', 'la floresta #52-45', '7.9351702', '-72.5189622', 24, 12, 3, 3, '2026-07-06 20:26:45', '2026-07-06 20:27:46', NULL, NULL, NULL, NULL),
(12, 11, 0, 'A', NULL, 'recogida', 'la floresta #52-45', '7.9351702', '-72.5189622', 24, 12, 3, 3, '2026-07-07 09:44:13', '2026-07-07 14:30:03', '2026-07-07 14:28:45', NULL, NULL, NULL),
(13, 11, 1, 'B', NULL, 'entrega', 'la floresta #52-45', '7.9351702', '-72.5189622', 24, 12, 3, 4, NULL, NULL, NULL, NULL, NULL, NULL),
(14, 12, 0, 'A', NULL, 'recogida', 'Punto seleccionado en mapa', '7.8813629', '-72.5108814', NULL, NULL, NULL, 1, NULL, NULL, NULL, NULL, NULL, NULL),
(15, 12, 1, 'B', NULL, 'entrega', 'Punto seleccionado en mapa', '7.8880024', '-72.5040150', NULL, NULL, NULL, 1, NULL, NULL, NULL, NULL, NULL, NULL),
(16, 11, 2, 'C', NULL, 'recogida', 'cll 36 #7-22 la ermita', '7.9352063', '-72.5189519', 10, 13, 6, 1, NULL, NULL, '2026-07-07 14:28:23', NULL, NULL, NULL),
(17, 11, 3, 'D', NULL, 'entrega', 'cll 36 #7-22 la ermita', '7.9352063', '-72.5189519', 10, 13, 6, 1, NULL, NULL, NULL, NULL, NULL, NULL),
(18, 14, 0, 'A', NULL, 'recogida', 'cll 36 #7-22 la ermita', '7.9352063', '-72.5189519', 10, 13, 6, 4, NULL, NULL, '2026-07-07 14:28:23', NULL, NULL, NULL),
(19, 14, 1, 'B', NULL, 'entrega', 'cll 36 #7-22 la ermita', '7.9352063', '-72.5189519', 10, 13, 6, 4, NULL, NULL, NULL, NULL, NULL, NULL),
(20, 15, 0, 'A', '06:05:33', 'recogida', 'Punto seleccionado en mapa', '7.9313547', '-72.5185647', NULL, NULL, NULL, 3, '2026-07-08 03:51:48', '2026-07-08 03:51:48', NULL, NULL, NULL, NULL),
(21, 15, 1, 'B', NULL, 'entrega', 'Punto seleccionado en mapa', '7.9288891', '-72.5207960', NULL, NULL, NULL, 3, '2026-07-08 03:51:53', '2026-07-08 03:51:53', NULL, NULL, NULL, NULL),
(22, 16, 6, 'G', '10:49:43', 'recogida', 'la floresta #52-45', '7.9351702', '-72.5189622', 24, 12, 3, 2, '2026-07-08 05:00:18', NULL, NULL, NULL, NULL, NULL),
(23, 16, 0, 'A', '07:28:51', 'recogida', 'cll 21 #3-22 ospina perez, ospina perez', '7.9243615', '-72.5189636', 10, 14, 7, 1, NULL, NULL, NULL, NULL, '2026-07-08 06:29:24', 'El perro está enfermo'),
(24, 16, 1, 'B', '07:44:08', 'recogida', 'ermita', '7.9353611', '-72.5189622', 23, 9, 2, 4, '2026-07-08 04:14:07', NULL, NULL, NULL, NULL, NULL),
(25, 16, 8, 'I', '10:46:52', 'entrega', 'la floresta #52-45', '7.9351702', '-72.5189622', 24, 12, 3, 1, NULL, NULL, NULL, NULL, NULL, NULL),
(26, 16, 3, 'D', '07:28:51', 'entrega', 'cll 21 #3-22 ospina perez, ospina perez', '7.9243615', '-72.5189636', 10, 14, 7, 4, NULL, NULL, NULL, NULL, '2026-07-08 06:29:24', 'El perro está enfermo'),
(27, 16, 4, 'E', '07:44:08', 'entrega', 'ermita', '7.9353611', '-72.5189622', 23, 9, 2, 4, NULL, NULL, NULL, NULL, NULL, NULL),
(28, 16, 4, 'E', '10:21:56', 'recogida', 'Maikol Holguin — cll 21 #3-22 ospina perez, ospina perez', '7.9243615', '-72.5189636', 10, 14, 7, 1, NULL, NULL, NULL, NULL, NULL, NULL),
(29, 16, 7, 'B', NULL, 'entrega', 'Punto seleccionado en mapa', '7.9229393', '-72.5227904', NULL, NULL, NULL, 1, NULL, NULL, NULL, NULL, NULL, NULL),
(30, 16, 5, 'F', '10:29:44', 'recogida', 'av5 calle 12, ospina perez', '7.9216570', '-72.5239221', 10, 15, 8, 3, '2026-07-08 07:07:11', '2026-07-08 07:07:11', '2026-07-08 07:07:11', NULL, NULL, NULL),
(31, 16, 7, 'H', '10:26:53', 'entrega', 'av5 calle 12, ospina perez', '7.9216570', '-72.5239221', 10, 15, 8, 3, '2026-07-08 07:08:25', '2026-07-08 07:08:25', NULL, '2026-07-08 07:08:25', NULL, NULL);

-- --------------------------------------------------------

--
-- Estructura de tabla para la tabla `usuarios`
--

CREATE TABLE `usuarios` (
  `id` int(11) NOT NULL,
  `nombre` varchar(50) NOT NULL,
  `email` varchar(100) NOT NULL,
  `sexo` varchar(20) NOT NULL,
  `password` varchar(255) NOT NULL,
  `fecha_registro` timestamp NULL DEFAULT current_timestamp(),
  `ultima_actividad` datetime DEFAULT NULL
) ENGINE=InnoDB DEFAULT CHARSET=latin1 COLLATE=latin1_swedish_ci;

--
-- Volcado de datos para la tabla `usuarios`
--

INSERT INTO `usuarios` (`id`, `nombre`, `email`, `sexo`, `password`, `fecha_registro`, `ultima_actividad`) VALUES
(2, 'Jonatán Limas', 'jonatanlimasg2020@gmail.com', 'masculino', '$2y$10$u4TPyVxL/jgteSFh7gmaW.tlhQ3HOyfdG9sHTLyIEEU7Lr4jPMYR2', '2026-05-24 20:46:11', NULL),
(8, 'Maikol Holguin', 'maikolholguin74@gmail.com', 'masculino', '$2y$10$RQ7o3CGlQiPDgkWSvvl/Q.Aq2M1sAGrLr6KOLiCzOd.Qao0JIvqeS', '2026-05-25 11:49:46', '2026-07-08 08:58:26'),
(9, 'max1@gmail.com', 'max1@gmail.com', 'masculino', '$2y$10$MQ/UTGuNU37TwGESi9tzRuxbr8a.S.4.OdI1ryhHruQF30XcmJu2.', '2026-05-25 12:49:06', NULL),
(10, 'Maikol Holguin', 'maikolholguin75@gmail.com', 'masculino', '$2y$10$kW1Rb/l5bRvMadOI5ceDxuJJfBv/cUAdRWqbw8KOY8kJhmsSQygM.', '2026-05-28 13:19:57', '2026-07-08 06:22:22'),
(11, 'max2@gmail.com', 'max2@gmail.com', 'masculino', '$2y$10$zrB0eEpm.tO1thkmhfpva.hropS9.ezlDeuMuvpZEFCeuzReGdcKe', '2026-06-01 11:26:39', NULL),
(16, 'paseador001', 'paseador001@gmail.com', 'masculino', '$2y$10$wHqTRIoMR5HBpJWo6MSZquOLkNKvNhaZ/RUzdYZOND0qFYLkA.wdm', '2026-06-12 11:48:33', NULL),
(17, 'paseador001', 'paseador123@gmail.com', 'masculino', '$2y$10$RsH6uFTaIUqwMUo3UNHQOOd7Tn2YuNo85MWyjcBtBBCyyNK6CSGpa', '2026-06-12 11:50:10', NULL),
(21, 'Jhon', 'paradamax33@gmail.com', 'masculino', '$2y$10$7PTaBDPneF2hQfytadd9c.e6PBiz9ngITzNbH7H2vgIuhTb1O7JYW', '2026-06-30 12:30:37', NULL),
(22, 'maikol paseador', 'maikolholguin73@gmail.com', 'masculino', '$2y$10$Z..jQSmCriAV.PJoW7Wa0.B4Z.iG8urY10zli8G9.YqwpO8knuWwy', '2026-07-02 12:31:52', '2026-07-08 09:21:26'),
(23, 'maikol cliente 1', 'maikolholguin25@gmail.com', 'masculino', '$2y$10$vK3afu0A/D3xSSS6oiYGhu3Ftw9uWJC.LaRFS4U0AI0WQoDbY.XnK', '2026-07-03 13:07:24', NULL),
(24, 'maikol cliente 2', 'maikolwilfredo74@gmail.com', 'masculino', '$2y$10$6fsz1Owye5/w5FadoWyev.yUAcssvcstE1dohZ8GFOc8q38XPymxG', '2026-07-07 02:31:00', NULL);

--
-- Índices para tablas volcadas
--

--
-- Indices de la tabla `admin`
--
ALTER TABLE `admin`
  ADD PRIMARY KEY (`id_admin`),
  ADD KEY `id_usuario` (`id_usuario`);

--
-- Indices de la tabla `adopcion`
--
ALTER TABLE `adopcion`
  ADD PRIMARY KEY (`id_adopcion`);

--
-- Indices de la tabla `calificaciones_paseo`
--
ALTER TABLE `calificaciones_paseo`
  ADD PRIMARY KEY (`id_calificacion`),
  ADD UNIQUE KEY `uq_calificacion_pedido_ruta` (`id_pedido`,`id_ruta`),
  ADD KEY `idx_calif_paseador` (`id_paseador`),
  ADD KEY `idx_calif_cliente` (`id_usuario_cliente`),
  ADD KEY `fk_calif_ruta` (`id_ruta`);

--
-- Indices de la tabla `codigos_verificacion`
--
ALTER TABLE `codigos_verificacion`
  ADD PRIMARY KEY (`id`),
  ADD KEY `email` (`email`);

--
-- Indices de la tabla `conversaciones`
--
ALTER TABLE `conversaciones`
  ADD PRIMARY KEY (`id_conversacion`),
  ADD UNIQUE KEY `intercambio_unico` (`id_usuario_1`,`id_usuario_2`),
  ADD KEY `id_usuario_2` (`id_usuario_2`);

--
-- Indices de la tabla `cronograma_paseos`
--
ALTER TABLE `cronograma_paseos`
  ADD PRIMARY KEY (`id_cronograma`),
  ADD UNIQUE KEY `uq_pedido_dia` (`id_pedido`,`dia_semana`),
  ADD KEY `idx_crono_paseador_dia` (`id_paseador`,`dia_semana`);

--
-- Indices de la tabla `escribiendo`
--
ALTER TABLE `escribiendo`
  ADD PRIMARY KEY (`id_conversacion`,`id_usuario`);

--
-- Indices de la tabla `estados_parada`
--
ALTER TABLE `estados_parada`
  ADD PRIMARY KEY (`id_estado`),
  ADD UNIQUE KEY `nombre` (`nombre`);

--
-- Indices de la tabla `estados_ruta`
--
ALTER TABLE `estados_ruta`
  ADD PRIMARY KEY (`id_estado`),
  ADD UNIQUE KEY `nombre` (`nombre`);

--
-- Indices de la tabla `gps_paseadores`
--
ALTER TABLE `gps_paseadores`
  ADD PRIMARY KEY (`id_paseador`);

--
-- Indices de la tabla `historial_gps`
--
ALTER TABLE `historial_gps`
  ADD PRIMARY KEY (`id_historial`),
  ADD KEY `idx_hist_paseador_fecha` (`id_paseador`,`fecha_hora`),
  ADD KEY `idx_hist_ruta` (`id_ruta`);

--
-- Indices de la tabla `info_usuario`
--
ALTER TABLE `info_usuario`
  ADD PRIMARY KEY (`id_info`),
  ADD KEY `fk_usuario_idx` (`id_usuario`);

--
-- Indices de la tabla `mascota_usuario`
--
ALTER TABLE `mascota_usuario`
  ADD PRIMARY KEY (`id_mascota`),
  ADD KEY `fk_mascota_idx` (`id_usuario`);

--
-- Indices de la tabla `membresias`
--
ALTER TABLE `membresias`
  ADD PRIMARY KEY (`id_membresia`),
  ADD UNIQUE KEY `uq_usuario` (`id_usuario`),
  ADD KEY `fk_membresia_pago_paseos` (`id_pago_paseos`),
  ADD KEY `fk_membresia_pago_adiestramiento` (`id_pago_adiestramiento`),
  ADD KEY `fk_membresia_pago_hospedaje` (`id_pago_hospedaje`);

--
-- Indices de la tabla `mensajes`
--
ALTER TABLE `mensajes`
  ADD PRIMARY KEY (`id_mensaje`),
  ADD KEY `id_conversacion` (`id_conversacion`),
  ADD KEY `id_emisor` (`id_emisor`);

--
-- Indices de la tabla `notificaciones`
--
ALTER TABLE `notificaciones`
  ADD PRIMARY KEY (`id_notificacion`),
  ADD KEY `idx_notif_usuario` (`id_usuario_destino`,`leida`),
  ADD KEY `fk_notif_ruta` (`id_ruta`);

--
-- Indices de la tabla `pagos`
--
ALTER TABLE `pagos`
  ADD PRIMARY KEY (`id_pago`),
  ADD KEY `idx_pago_pedido` (`id_pedido`),
  ADD KEY `idx_pago_usuario` (`id_usuario`);

--
-- Indices de la tabla `paseadores`
--
ALTER TABLE `paseadores`
  ADD PRIMARY KEY (`id_paseador`),
  ADD KEY `fk_paseadores_usuario` (`id_usuario`);

--
-- Indices de la tabla `paseos_dia`
--
ALTER TABLE `paseos_dia`
  ADD PRIMARY KEY (`id_paseo_dia`),
  ADD UNIQUE KEY `uq_dia_pedido` (`fecha`,`id_pedido`),
  ADD KEY `idx_pd_paseador_fecha` (`id_paseador`,`fecha`),
  ADD KEY `fk_pd_pedido` (`id_pedido`);

--
-- Indices de la tabla `pedidos_paseo`
--
ALTER TABLE `pedidos_paseo`
  ADD PRIMARY KEY (`id_pedido`),
  ADD KEY `idx_pedido_usuario` (`id_usuario`),
  ADD KEY `idx_pedido_estado` (`estado`),
  ADD KEY `fk_pedido_mascota` (`id_mascota`),
  ADD KEY `fk_pedido_plan` (`id_plan`);

--
-- Indices de la tabla `planes_paseos`
--
ALTER TABLE `planes_paseos`
  ADD PRIMARY KEY (`id_plan`);

--
-- Indices de la tabla `rutas`
--
ALTER TABLE `rutas`
  ADD PRIMARY KEY (`id_ruta`),
  ADD UNIQUE KEY `uq_ruta_activa` (`activa_key`),
  ADD KEY `idx_ruta_paseador` (`id_paseador`),
  ADD KEY `idx_ruta_fecha` (`fecha_paseo`),
  ADD KEY `fk_ruta_admin` (`id_admin_creador`),
  ADD KEY `fk_ruta_estado` (`id_estado`);

--
-- Indices de la tabla `ruta_clientes`
--
ALTER TABLE `ruta_clientes`
  ADD PRIMARY KEY (`id_ruta_cliente`),
  ADD UNIQUE KEY `uq_ruta_mascota` (`id_ruta`,`id_mascota`),
  ADD KEY `fk_rc_cliente` (`id_usuario_cliente`),
  ADD KEY `fk_rc_mascota` (`id_mascota`);

--
-- Indices de la tabla `ruta_paradas`
--
ALTER TABLE `ruta_paradas`
  ADD PRIMARY KEY (`id_parada`),
  ADD KEY `idx_parada_ruta` (`id_ruta`),
  ADD KEY `fk_parada_cliente` (`id_usuario_cliente`),
  ADD KEY `fk_parada_mascota` (`id_mascota`),
  ADD KEY `fk_parada_estado` (`id_estado`),
  ADD KEY `idx_parada_pedido` (`id_pedido`);

--
-- Indices de la tabla `usuarios`
--
ALTER TABLE `usuarios`
  ADD PRIMARY KEY (`id`),
  ADD UNIQUE KEY `email` (`email`);

--
-- AUTO_INCREMENT de las tablas volcadas
--

--
-- AUTO_INCREMENT de la tabla `admin`
--
ALTER TABLE `admin`
  MODIFY `id_admin` int(11) NOT NULL AUTO_INCREMENT, AUTO_INCREMENT=14;

--
-- AUTO_INCREMENT de la tabla `adopcion`
--
ALTER TABLE `adopcion`
  MODIFY `id_adopcion` int(11) NOT NULL AUTO_INCREMENT, AUTO_INCREMENT=17;

--
-- AUTO_INCREMENT de la tabla `calificaciones_paseo`
--
ALTER TABLE `calificaciones_paseo`
  MODIFY `id_calificacion` int(11) NOT NULL AUTO_INCREMENT, AUTO_INCREMENT=2;

--
-- AUTO_INCREMENT de la tabla `codigos_verificacion`
--
ALTER TABLE `codigos_verificacion`
  MODIFY `id` int(11) NOT NULL AUTO_INCREMENT, AUTO_INCREMENT=16;

--
-- AUTO_INCREMENT de la tabla `conversaciones`
--
ALTER TABLE `conversaciones`
  MODIFY `id_conversacion` int(11) NOT NULL AUTO_INCREMENT, AUTO_INCREMENT=19;

--
-- AUTO_INCREMENT de la tabla `cronograma_paseos`
--
ALTER TABLE `cronograma_paseos`
  MODIFY `id_cronograma` int(11) NOT NULL AUTO_INCREMENT, AUTO_INCREMENT=45;

--
-- AUTO_INCREMENT de la tabla `estados_parada`
--
ALTER TABLE `estados_parada`
  MODIFY `id_estado` int(11) NOT NULL AUTO_INCREMENT, AUTO_INCREMENT=5;

--
-- AUTO_INCREMENT de la tabla `estados_ruta`
--
ALTER TABLE `estados_ruta`
  MODIFY `id_estado` int(11) NOT NULL AUTO_INCREMENT, AUTO_INCREMENT=6;

--
-- AUTO_INCREMENT de la tabla `historial_gps`
--
ALTER TABLE `historial_gps`
  MODIFY `id_historial` int(11) NOT NULL AUTO_INCREMENT, AUTO_INCREMENT=723;

--
-- AUTO_INCREMENT de la tabla `info_usuario`
--
ALTER TABLE `info_usuario`
  MODIFY `id_info` int(11) NOT NULL AUTO_INCREMENT, AUTO_INCREMENT=13;

--
-- AUTO_INCREMENT de la tabla `mascota_usuario`
--
ALTER TABLE `mascota_usuario`
  MODIFY `id_mascota` int(11) NOT NULL AUTO_INCREMENT, AUTO_INCREMENT=16;

--
-- AUTO_INCREMENT de la tabla `membresias`
--
ALTER TABLE `membresias`
  MODIFY `id_membresia` int(11) NOT NULL AUTO_INCREMENT, AUTO_INCREMENT=202;

--
-- AUTO_INCREMENT de la tabla `mensajes`
--
ALTER TABLE `mensajes`
  MODIFY `id_mensaje` int(11) NOT NULL AUTO_INCREMENT, AUTO_INCREMENT=108;

--
-- AUTO_INCREMENT de la tabla `notificaciones`
--
ALTER TABLE `notificaciones`
  MODIFY `id_notificacion` int(11) NOT NULL AUTO_INCREMENT, AUTO_INCREMENT=22;

--
-- AUTO_INCREMENT de la tabla `pagos`
--
ALTER TABLE `pagos`
  MODIFY `id_pago` int(11) NOT NULL AUTO_INCREMENT, AUTO_INCREMENT=9;

--
-- AUTO_INCREMENT de la tabla `paseadores`
--
ALTER TABLE `paseadores`
  MODIFY `id_paseador` int(11) NOT NULL AUTO_INCREMENT, AUTO_INCREMENT=19;

--
-- AUTO_INCREMENT de la tabla `paseos_dia`
--
ALTER TABLE `paseos_dia`
  MODIFY `id_paseo_dia` int(11) NOT NULL AUTO_INCREMENT, AUTO_INCREMENT=13;

--
-- AUTO_INCREMENT de la tabla `pedidos_paseo`
--
ALTER TABLE `pedidos_paseo`
  MODIFY `id_pedido` int(11) NOT NULL AUTO_INCREMENT, AUTO_INCREMENT=9;

--
-- AUTO_INCREMENT de la tabla `planes_paseos`
--
ALTER TABLE `planes_paseos`
  MODIFY `id_plan` int(11) NOT NULL AUTO_INCREMENT, AUTO_INCREMENT=4;

--
-- AUTO_INCREMENT de la tabla `rutas`
--
ALTER TABLE `rutas`
  MODIFY `id_ruta` int(11) NOT NULL AUTO_INCREMENT, AUTO_INCREMENT=17;

--
-- AUTO_INCREMENT de la tabla `ruta_clientes`
--
ALTER TABLE `ruta_clientes`
  MODIFY `id_ruta_cliente` int(11) NOT NULL AUTO_INCREMENT, AUTO_INCREMENT=14;

--
-- AUTO_INCREMENT de la tabla `ruta_paradas`
--
ALTER TABLE `ruta_paradas`
  MODIFY `id_parada` int(11) NOT NULL AUTO_INCREMENT, AUTO_INCREMENT=32;

--
-- AUTO_INCREMENT de la tabla `usuarios`
--
ALTER TABLE `usuarios`
  MODIFY `id` int(11) NOT NULL AUTO_INCREMENT, AUTO_INCREMENT=25;

--
-- Restricciones para tablas volcadas
--

--
-- Filtros para la tabla `admin`
--
ALTER TABLE `admin`
  ADD CONSTRAINT `admin_ibfk_1` FOREIGN KEY (`id_usuario`) REFERENCES `usuarios` (`id`) ON DELETE CASCADE ON UPDATE CASCADE;

--
-- Filtros para la tabla `calificaciones_paseo`
--
ALTER TABLE `calificaciones_paseo`
  ADD CONSTRAINT `fk_calif_cliente` FOREIGN KEY (`id_usuario_cliente`) REFERENCES `usuarios` (`id`) ON DELETE CASCADE ON UPDATE CASCADE,
  ADD CONSTRAINT `fk_calif_paseador` FOREIGN KEY (`id_paseador`) REFERENCES `paseadores` (`id_paseador`) ON DELETE CASCADE,
  ADD CONSTRAINT `fk_calif_pedido` FOREIGN KEY (`id_pedido`) REFERENCES `pedidos_paseo` (`id_pedido`) ON DELETE CASCADE ON UPDATE CASCADE,
  ADD CONSTRAINT `fk_calif_ruta` FOREIGN KEY (`id_ruta`) REFERENCES `rutas` (`id_ruta`) ON DELETE CASCADE ON UPDATE CASCADE;

--
-- Filtros para la tabla `conversaciones`
--
ALTER TABLE `conversaciones`
  ADD CONSTRAINT `conversaciones_ibfk_1` FOREIGN KEY (`id_usuario_1`) REFERENCES `usuarios` (`id`) ON DELETE CASCADE,
  ADD CONSTRAINT `conversaciones_ibfk_2` FOREIGN KEY (`id_usuario_2`) REFERENCES `usuarios` (`id`) ON DELETE CASCADE;

--
-- Filtros para la tabla `cronograma_paseos`
--
ALTER TABLE `cronograma_paseos`
  ADD CONSTRAINT `fk_crono_paseador` FOREIGN KEY (`id_paseador`) REFERENCES `paseadores` (`id_paseador`) ON DELETE CASCADE ON UPDATE CASCADE,
  ADD CONSTRAINT `fk_crono_pedido` FOREIGN KEY (`id_pedido`) REFERENCES `pedidos_paseo` (`id_pedido`) ON DELETE CASCADE ON UPDATE CASCADE;

--
-- Filtros para la tabla `gps_paseadores`
--
ALTER TABLE `gps_paseadores`
  ADD CONSTRAINT `fk_gps_paseador` FOREIGN KEY (`id_paseador`) REFERENCES `paseadores` (`id_paseador`) ON DELETE CASCADE ON UPDATE CASCADE;

--
-- Filtros para la tabla `historial_gps`
--
ALTER TABLE `historial_gps`
  ADD CONSTRAINT `fk_hist_paseador` FOREIGN KEY (`id_paseador`) REFERENCES `paseadores` (`id_paseador`) ON DELETE CASCADE ON UPDATE CASCADE,
  ADD CONSTRAINT `fk_hist_ruta` FOREIGN KEY (`id_ruta`) REFERENCES `rutas` (`id_ruta`) ON DELETE SET NULL ON UPDATE CASCADE;

--
-- Filtros para la tabla `info_usuario`
--
ALTER TABLE `info_usuario`
  ADD CONSTRAINT `fk_info_usuarios` FOREIGN KEY (`id_usuario`) REFERENCES `usuarios` (`id`) ON DELETE CASCADE;

--
-- Filtros para la tabla `mascota_usuario`
--
ALTER TABLE `mascota_usuario`
  ADD CONSTRAINT `fk_mascota_usuarios` FOREIGN KEY (`id_usuario`) REFERENCES `usuarios` (`id`) ON DELETE CASCADE;

--
-- Filtros para la tabla `membresias`
--
ALTER TABLE `membresias`
  ADD CONSTRAINT `fk_memb_usuario` FOREIGN KEY (`id_usuario`) REFERENCES `usuarios` (`id`) ON DELETE CASCADE ON UPDATE CASCADE,
  ADD CONSTRAINT `fk_membresia_pago_adiestramiento` FOREIGN KEY (`id_pago_adiestramiento`) REFERENCES `pagos` (`id_pago`) ON DELETE SET NULL,
  ADD CONSTRAINT `fk_membresia_pago_hospedaje` FOREIGN KEY (`id_pago_hospedaje`) REFERENCES `pagos` (`id_pago`) ON DELETE SET NULL,
  ADD CONSTRAINT `fk_membresia_pago_paseos` FOREIGN KEY (`id_pago_paseos`) REFERENCES `pagos` (`id_pago`) ON DELETE SET NULL;

--
-- Filtros para la tabla `mensajes`
--
ALTER TABLE `mensajes`
  ADD CONSTRAINT `mensajes_ibfk_1` FOREIGN KEY (`id_conversacion`) REFERENCES `conversaciones` (`id_conversacion`) ON DELETE CASCADE,
  ADD CONSTRAINT `mensajes_ibfk_2` FOREIGN KEY (`id_emisor`) REFERENCES `usuarios` (`id`) ON DELETE CASCADE;

--
-- Filtros para la tabla `notificaciones`
--
ALTER TABLE `notificaciones`
  ADD CONSTRAINT `fk_notif_ruta` FOREIGN KEY (`id_ruta`) REFERENCES `rutas` (`id_ruta`) ON DELETE SET NULL ON UPDATE CASCADE,
  ADD CONSTRAINT `fk_notif_usuario` FOREIGN KEY (`id_usuario_destino`) REFERENCES `usuarios` (`id`) ON DELETE CASCADE ON UPDATE CASCADE;

--
-- Filtros para la tabla `pagos`
--
ALTER TABLE `pagos`
  ADD CONSTRAINT `fk_pago_pedido` FOREIGN KEY (`id_pedido`) REFERENCES `pedidos_paseo` (`id_pedido`) ON DELETE CASCADE ON UPDATE CASCADE,
  ADD CONSTRAINT `fk_pago_usuario` FOREIGN KEY (`id_usuario`) REFERENCES `usuarios` (`id`) ON DELETE CASCADE ON UPDATE CASCADE;

--
-- Filtros para la tabla `paseadores`
--
ALTER TABLE `paseadores`
  ADD CONSTRAINT `fk_paseadores_usuario` FOREIGN KEY (`id_usuario`) REFERENCES `usuarios` (`id`) ON DELETE CASCADE;

--
-- Filtros para la tabla `paseos_dia`
--
ALTER TABLE `paseos_dia`
  ADD CONSTRAINT `fk_pd_paseador` FOREIGN KEY (`id_paseador`) REFERENCES `paseadores` (`id_paseador`) ON DELETE CASCADE ON UPDATE CASCADE,
  ADD CONSTRAINT `fk_pd_pedido` FOREIGN KEY (`id_pedido`) REFERENCES `pedidos_paseo` (`id_pedido`) ON DELETE CASCADE ON UPDATE CASCADE;

--
-- Filtros para la tabla `pedidos_paseo`
--
ALTER TABLE `pedidos_paseo`
  ADD CONSTRAINT `fk_pedido_mascota` FOREIGN KEY (`id_mascota`) REFERENCES `mascota_usuario` (`id_mascota`) ON DELETE CASCADE ON UPDATE CASCADE,
  ADD CONSTRAINT `fk_pedido_plan` FOREIGN KEY (`id_plan`) REFERENCES `planes_paseos` (`id_plan`) ON UPDATE CASCADE,
  ADD CONSTRAINT `fk_pedido_usuario` FOREIGN KEY (`id_usuario`) REFERENCES `usuarios` (`id`) ON DELETE CASCADE ON UPDATE CASCADE;

--
-- Filtros para la tabla `rutas`
--
ALTER TABLE `rutas`
  ADD CONSTRAINT `fk_ruta_admin` FOREIGN KEY (`id_admin_creador`) REFERENCES `usuarios` (`id`) ON DELETE CASCADE ON UPDATE CASCADE,
  ADD CONSTRAINT `fk_ruta_estado` FOREIGN KEY (`id_estado`) REFERENCES `estados_ruta` (`id_estado`),
  ADD CONSTRAINT `fk_ruta_paseador` FOREIGN KEY (`id_paseador`) REFERENCES `paseadores` (`id_paseador`) ON DELETE CASCADE;

--
-- Filtros para la tabla `ruta_clientes`
--
ALTER TABLE `ruta_clientes`
  ADD CONSTRAINT `fk_rc_cliente` FOREIGN KEY (`id_usuario_cliente`) REFERENCES `usuarios` (`id`) ON DELETE CASCADE ON UPDATE CASCADE,
  ADD CONSTRAINT `fk_rc_mascota` FOREIGN KEY (`id_mascota`) REFERENCES `mascota_usuario` (`id_mascota`) ON DELETE CASCADE ON UPDATE CASCADE,
  ADD CONSTRAINT `fk_rc_ruta` FOREIGN KEY (`id_ruta`) REFERENCES `rutas` (`id_ruta`) ON DELETE CASCADE ON UPDATE CASCADE;

--
-- Filtros para la tabla `ruta_paradas`
--
ALTER TABLE `ruta_paradas`
  ADD CONSTRAINT `fk_parada_cliente` FOREIGN KEY (`id_usuario_cliente`) REFERENCES `usuarios` (`id`) ON DELETE SET NULL ON UPDATE CASCADE,
  ADD CONSTRAINT `fk_parada_estado` FOREIGN KEY (`id_estado`) REFERENCES `estados_parada` (`id_estado`) ON UPDATE CASCADE,
  ADD CONSTRAINT `fk_parada_mascota` FOREIGN KEY (`id_mascota`) REFERENCES `mascota_usuario` (`id_mascota`) ON DELETE SET NULL ON UPDATE CASCADE,
  ADD CONSTRAINT `fk_parada_ruta` FOREIGN KEY (`id_ruta`) REFERENCES `rutas` (`id_ruta`) ON DELETE CASCADE ON UPDATE CASCADE;
COMMIT;

/*!40101 SET CHARACTER_SET_CLIENT=@OLD_CHARACTER_SET_CLIENT */;
/*!40101 SET CHARACTER_SET_RESULTS=@OLD_CHARACTER_SET_RESULTS */;
/*!40101 SET COLLATION_CONNECTION=@OLD_COLLATION_CONNECTION */;
